Shop #,Year,Make & Model,GPM/Gal/F/#,Original Assignment,Second Assignment,Third Assignment,Fourth Assignment,Fifth Assignment,Sixth Assignment,Seventh Assignment,Notes,Image links
C-1,1919,White,,Squad 1 (3/1919 - 3/1922),,,,,,,,
C-2,1919,White,,Squad 2 (5/1919 - 3/1922),,,,,,,,
C-3,1919,White,,Squad 3 (5/1919 - 4/1922),,,,,,,,
C-4,1916,White,,Squad 1 (8/1916 - 3/1919),Squad 4 (7/31/1919 - 3/1922),Drill School Company (1922 - 1923),Drill School Company (1924 - ?),Drill School Training (9/14/1928 - 6/14/1930),,,First apparatus for Squad 1,
C-5,1916,White,,Squad 2 (9/1916 - 5/1919),Squad 5 (8/16/1919 - 3/1922),Squad 6 (1922 - 7/24/1930),Engine Co. 58 Hose Wagon (1922 - 1926),Engine Co. 41 Hose Wagon (1926 - 8/27/1927),Engine Co. 41 Hose Wagon (7/10/1928 - 1/1/1932),High Pressure 4 (1/1/1932 - 2/21/1947),First apparatus for Squad 2; First apparatus for Squad 5; Former Squad converted to Hose Wagon; *Conflicts like crazy,
C-6,,,,,,,,,,,,
C-7,1919,White/CFD,,,Foamite 4 (6 - 3 - 4) (1/22/1932 - 8/5/1937),Chemical 1 (renamed from Foamite 4) (6 - 3 - 1) (8/5/1937 - 1/2/1942),Air Compressor 1 (9 - 3 - 1) (2/20/1942 - 7/13/1955),,,,,
C-8,1919,White,,Squad 8 (2/12/1920 - 5/21/1930),,,,,,,,
C-9,1919,White,,Squad 9 (12/24/1919 - 3/1922),,,,,,,First apparatus for Squad 9,
C-10,1919,White TBD,,Squad 10 (12/24/1919 - 5/29/1930),,,,,,,First apparatus for Squad 10,
C-11,1916,White,,Squad 3 (8/1916 - 5/1919),Squad 6 (9/16/1919 - 1922),Drill School Company (1923 - 1924),Drill School Training (7/23/1927 - 6/5/1928),,,,First apparatus for Squad 3; First apparatus for Squad 6,
C-12,1922,White GN,,Squad 5 (3/1922 - 7/1929),Squad 9 (6/1/1933 - 7/7/1933),High Pressure 8 (12/24/1935 - 5/30/1936),,,,,First & only apparatus for High Pressure 8 (C-12 wrecked 5/30/1936 & company OOS),
C-13,1920,White,,Drill School Company (1921 - 1922),High Pressure company (signature 6 - 1 - 1 given 12/1/1927) (1926 -4/26/1928) ,High Pressure 3 (8/14/1928 - 8/22/1931),High Pressure 7 (5/12/1932 - 3/27/1947),Drill School Training (9/28/1948 - 1/1/1949); ,High Pressure 4 (1/16/1950 - 11/28/1950) ,High Pressure 7 (1/22/1952 - 3/28/1953),"High Pressure 4 reorganized 1/16/1950; High Pressure 3 became second piece of Water Tower 3 on 6/1/1931, the first to be so assigned; High Pressure company to High Pressure 1 rename only (as second piece of Water Tower 1); High Pressure 7 OOS after rig tipped over at Augusta & Ashland 3/28/1953",
C-14,1922,White,,Water Tower 2 Hose Wagon (1/1/1926 - 7/10/1928),High Pressure 2 (7/10/1928- 6/20/1943),High Pressure 7 (3/27/1947 - 1/22/1952),High Pressure 4 (2/21/1947 - 2/25/1947),,,,Name change from Water Tower 2 Hose Wagon to High Pressure 2 only; first squad/high pressure unit with a deck gun; High Pressure 4 OOS 2/25/1947,
C-15,1922,White,,Squad 9 (3/1922 - 8/8/1927),High Pressure 5 (8/8/1927 - 12/22/1928?),High Pressure 7 (1/9/1929 - 9/26/1929),,,,,"Squad 9 became High Pressure 5, but retained Squad markings. Confusing.",
C-16,1922,White,,Squad 2 (3/1922 - 6/6/1930),,,,,,,,
C-17,1922,White,,Squad 7 (11/25/1927 - 7/15/1930),,High Pressure 7 (3/15/1932 - 5/1/1932),,,,,,
C-18,1922,White/CD,500 / 0,Squad 1 (3/1922 - 6/14/1930),Booster 2 (10/8/1947 - 5/20/1948),Booster 1 (5/20/1948 - 10/9/1948),,,,,,
C-19,1922,White,,Squad 4 (3/1922 - 7/25/1930),,,,,,,,
C-20,1922,White/CFD,,Squad 3 (4/1922 - 6/12/1930),Squad 7,Smoke Ejector 1 (9 - 2 - 1) (2/19/1932 - 9/6/1963),,,,,"As Smoke Ejector 1, carried: 3’ exhaust fan, eight 10’ x 14” rigid metal exhaust ducts; still stored at CFD shops as of 2000; in storage as part of Greater Chicago Fire Museum",9-2-1 (Chicago Tribune) 9-2-1 (Chicago Tribune) 9-2-1 (Chicago Tribune) Preserved 9-2-1 (Terry Spirek)
C-21,1929,White,,Squad 5 (7/1929 - 10/3/1930),,,,,,,,
C-22,1929,White,,Rescue Co. 1 (4 - 1 - 1) (12/16/1929 - 6/1/1933),Squad 9 (7/7/1933 - 1/1/1940),,,,,,First & only rig for Rescue Co. 1,
C-23,1929,White,,Rescue Co. 2 (4 - 1 - 2) (12/16/1929 - 6/1/1933),Squad 9 (1/1/1940 - 2/3/1941),,,,,,First & only rig for Rescue Co. 2; still in service as spare squad in 1953,
C-24,1929,White,,Rescue Co. 3 (4 - 1 - 3)(12/16/1929 - 6/1/1933),,,,,,,First & only rig for Rescue Co. 3,
C-25,1930,White/CFD,,Squad 10 (5/29/1930 - 1/22/1941),Chemical 1 (6 - 3 - 1) (1/16/1942 - 8/16/1961),,,,,,"Carried Du-Gas powder, foam, foam powder, and hopper; Restored",Restored Squad 10 (Bill Friedrich)
C-26,1930,White/CD,500 / 0,Squad 2 (6/6/1930 - 1/9/1941),,Booster 1 (10/9/1948 - 1/29/1953),Booster 2 (1/29/1953 - 5/1/1957),,,,Booster 2 OOS 5/1/1957,
C-27,1930,White/CFD,,Squad 3 (1/20/1936 - 1/13/1941),,,,,,,,
C-28,1930,White/CFD,,Squad 1 (6/26/1930 - 12/20/1940),Squad 11 (3/22/1946 - 12/9/1946),Squad 12 (5 - 2 - 2)(2/16/1947 - 1/31/1949),,,,,First rig for Squad 12,
C-29,1930,White,,Squad 7 (7/15/1930 - 1/20/1941),,,,,,,,
C-30,1930,White/CD,500 / 0,Squad 8 (7/24/1930 - 12/15/1935),Squad 6 (7/24/1930 - 1/22/1941),Booster 2 (4/25/1943 - 2/13/1947),,,,,*Conflict,
C-31,1930,White,,Squad 8 (? - 1/27/1941),,,,,,,,
C-32,1930,White,,Squad 4 (7/25/1930 - 1/15/1941),High Pressure 2 (6/20/1943 - 10/11/1954),,,,,,,
C-33,1930,White/CFD,,Squad 5 (10/3/1930 - 1/17/1941),Squad 11 (3/6/1946 - 3/12/1946),Squad 11 (12/14/1946 - 4/12/1947),Squad 11 (9/23/1947 - 2/10/1949),,,,First apparatus for Squad 11,
C-34,1940,Mack,,Squad 1 (12/30/1940 - 2/7/1949),Squad 11 (2/10/1949 - 8/23/1952),,,,,,,
C-35,1940,Mack,,Squad 2 (1/9/1941 - 8/26/1952),Squad 11 (8/26/1952? - 5/5/1954?),,,,,,,
C-36,1940,Mack,,Squad 3 (1/13/1941 - 3/25/1949),High Pressure 6 (9/21/1961 - 9/28/1962),,,,,,High Pressure 6 OOS 9/28/1962,
C-37,1940,Mack,,Squad 4 (1/15/1941 - 11/29/1952),,,,,,,,Squad 4 (Bill Friedrich)
C-38,1940,Mack,,Squad 5 (1/17/1941 - ?),Squad 13 (4/1/1949 - 4/6/1953),,,,,,First apparatus for Squad 13,
C-39,1940,Mack,,Squad 6 (1/22/1941 - 8/22/1952),Squad 4 (11/29/1952 - 5/21/1954),High Pressure 2 (10/11/1954 - 7/1956),High Pressure 8 (6/10/1959 - 5/11/1963),,,,HP8 OOS 5/11/1963,
C-40,1940,Mack,,Squad 7 (1/23/1941 - 8/23/1952),,,,,,,,
C-41,1940,Mack,,Squad 8 (1/27/1941 - 5/21/1954),High Pressure 7 (7/11/1955 - 4/27/1962),,,,,,High Pressure 7 reorganized 7/11/1955,
C-42,1940,Mack,,Squad 9 (2/3/1941 - 7/22/1954),,,,,,,,
C-43,1940,Mack,,Squad 10 (1/22/1941 - 6/17/1954),,,,,,,,
C-44,1948,Autocar,,Squad 12 (1/31/1949 - 7/9/1964),,,,,,,,
C-45,1948,Autocar,,Squad 1 (2/7/1949 - 4/27/1954),Squad 13 (6/3/1954 - 8/19/1966),,,,,,Squad 13 OOS 8/19/1966,Squad 1 (Chicago Tribune)
C-46,1949,Mack,,,Squad 6 (12/22/1955 - 11/30/1961),,Squad 6 (12/3/1962 - 8/18/1966),,,,,
C-47,1949,Mack,,Squad 3 (3/25/1949 - 5/5/1954),Spare Squad,Squad 6 (11/30/1961 - 12/3/1962),Squad 4 (8/25/1963 - 1966 or 1967),Squad 5 (3/30/1949 - 7/22/1954),,,*Conflict,
C-48,1952,Autocar,,Squad 2 (8/26/1952 - 4/14/1966),,,,,,,,Squad 2 (J. McCullough)
C-49,1952,Autocar,,Squad 6 (8/22/1952 - 10/15/1955),,,,,,,,
C-50,1952,Autocar,,Squad 7 (8/23/1952 - 5/16/1965),Squad 2 (4/14/1966 - 12/5/1966),Salvage Unit 1 (2 - 8 - 1) (12/5/1966 - 2/2/1967),Salvage Squad 2 (2 - 8 - 2) (2/2/1967 - 7/26/1967),,,,Squad 7 (1949-era squads) OOS 5/16/1965; Squad 2 (1949-era squads) OOS 12/5/1966; Salvage 1 renumbered to Salvage 2--unit remained with Engine 5,Squad 7 (chicagofd.org)
C-51,1954,Autocar,,Squad 1 (4/27/1954 - 2/2/1967),Salvage Squad 1 (9/30/1968 - 5/1/1969),,,,,,Salvage Squad 1 (1968-era) OOS 5/1/1969; Manpower used to organize FMS-4,Squad 1 (Steve Redick) Squad 1 (Bill Friedrich) Squad 1 (Bill Friedrich)
C-52,1954,Autocar,,Squad 11 (5/5/1954 - 7/26/1967) ,Flying Manpower Squad 5 (7/1/1969 - 11/24/1969),,,,,,,Squad 11 (Steve Redick) Squad 11 (Steve Redick) Squad 11 (Bill Friedrich)
C-53,1954,Autocar,,Squad 3 (5/5/1954 - 1966?),,,,,,,,
C-54,1954,Autocar,,Squad 4 (5/21/1954 - 8/25/1963),Squad 3 (1966? - 4/17/1967),,,,,,Rig totaled in accident in Washington Park & never replaced; Squad 3 OOS 4/17/1967,Squad 4 (Steve Redick)
C-55,1954,Autocar,,Squad 8 (5/21/1954 - 2/19/1967),,,,,,,,Squad 8 (Bill Friedrich)
C-56,1954,Autocar,,Squad 10 (6/17/1954 - 7/26/1967),Squad 11 (7/26/1967 - 3/7/1968),,,,,,"Completion photos (on Bill Friedrich’s site) taken 6/10/1954, when rig was still unassigned",Pre-assignment (Bill Friedrich) Squad 10 (Steve Redick) 
C-57,1954,Autocar,,Squad 9 (7/22/1954 - 9/30/1968),Salvage Squad 7 (9/30/1968 - 5/15/1969),Flying Manpower Squad 3 (5/16/1969 - 7/24/1969),,,,,Squad 9 OOS 9/30/1968; manpower used to organize Salvage Squad 7 at E129’s house; first rig for SS7; first rig for FMS-3,Squad 9 (Steve Redick)
C-58,1954,Autocar,,Squad 5 (7/22/1954 - 2/7/1968),,,,,,,Squad 5 OOS 2/7/1968,Squad 5 (Steve Redick)
C-59,,,,,,,,,,,,
C-60,1979,Chevrolet Cheyenne,,Ambulance 7,,,,,,,Ambulances switched from G- to C- series numbering in 1979,
C-61,,,,,,,,,,,,
C-62,1979,Chevrolet Cheyenne Camper Special,,Ambulance 14,,,,,,,Dual Mars 888s & siren speaker on roof bar,
C-63,,,,,,,,,,,,
C-64,,,,,,,,,,,,
C-65,,,,,,,,,,,,
C-66,,,,,,,,,,,,
C-67,,,,,,,,,,,,
C-68,,,,,,,,,,,,
C-69,,,,,,,,,,,,
C-70,,,,,,,,,,,,
C-71,,,,,,,,,,,,
C-72,,,,,,,,,,,,
C-73,,,,,,,,,,,,
C-74,,,,,,,,,,,,
C-75,,,,,,,,,,,,
C-76,,,,,,,,,,,,
C-77,,,,,,,,,,,,
C-78,,,,,,,,,,,,
C-79,,,,,,,,,,,,
C-80,,,,,,,,,,,,
C-81,,,,,,,,,,,,
C-82,,,,,,,,,,,,
C-83,,,,,,,,,,,,
C-84,,,,,,,,,,,,
C-85,,,,,,,,,,,,
C-86,,,,,,,,,,,,
C-87,,,,,,,,,,,,
C-88,,,,,,,,,,,,
C-89,,,,,,,,,,,,
C-90,,,,,,,,,,,,
C-91,,,,,,,,,,,,
C-92,,,,,,,,,,,,
C-93,,,,,,,,,,,,
C-94,1980,Chevrolet Cheyenne 4x4/,,Ambulance 17,,,,,,,,Ambulance 17 (Bill Friedrich)
C-95,,,,,,,,,,,,
C-96,,,,,,,,,,,,
C-97,,,,,,,,,,,,
C-98,1980,Chevrolet Cheyenne 4x4/,,Ambulance 5 (1980 - at least 7/1985),,,,,,,,
C-99,1980,Chevrolet Cheyenne 4x4/,,Ambulance 9,,,,,,,,
C-100,,,,,,,,,,,,
C-101,,,,,,,,,,,,
C-102,,,,,,,,,,,,
C-103,,,,,,,,,,,,
C-104,1980,Chevrolet Cheyenne/Modular,,Ambulance 28,,,,,,,O’Hare Airport; unknown when numbering jumped (C-100s to C-700s),
C-710,1983,Chevrolet Scottsdale/Modular,,,Spare ambulance,,,,,,Aerodynic lightbar; red lights at all four corners of ambulance box,
C-711,,,,,,,,,,,,
C-712,,,,,,,,,,,,
C-713,,,,,,,,,,,,
C-714,,,,,,,,,,,,
C-715,1973,Chevrolet Scottsdale,,,Air Mask 6 - 4 - 6,,,,,,,
C-716,,,,,,,,,,,,
C-717,1985,Ford F-350/Wheeled Coach,,,2 - 7 - 4 command van,Spare command van,,,,,Seen both with ambulance decals (EKG) and without (all white); possibly also 2-7-2,Command van (Smith Bros) Command van (Bill Friedrich)
C-718,1985,Ford F-350/Wheeled Coach,,,6 - 3 - 1 Mobile Foam Unit (? - 7/2006?),,,,,,Ambulance body shortened to accommodate foam equipment; sold at auction 1/29/08,6-3-1 (Gordon J. Nord) 6-3-1 (Bill Friedrich) 6-3-1 (Bill Friedrich)
C-719,,,,,,,,,,,,
C-720,,,,,,,,,,,One of these became 4-6-10 OFI; ,
C-721,1985,Ford F-350/Wheeled Coach,,,Spare ambulance,,,,,,Possibly also used as a spare command van,Spare ambulance (Smith Bros)
C-722,1985,Ford F-350/Wheeled Coach,,,Mass Casualty Unit 8 - 8 - 2?,,,,,,"One of these 1985 Ford ambulances became Mass Casualty Unit 8-8-2, in service until 4/9/2008; Found in junkyard in Racine, WI 9/2013",
C-723,,,,,,,,,,,,
C-724,1985,Ford F-350/Wheeled Coach,,,,,,,,,Painted white over red; Sold at auction 4/24/2004,
C-725,,,,,,,,,,,,
C-726,,,,,,,,,,,,
C-727,,,,,,,,,,,,
C-728,,,,,,,,,,,,
C-729,,,,,,,,,,,,
C-730,,,,,,,,,,,,
C-731,,,,,,,,,,,,
C-732,1986,Ford E-350/Wheeled Coach,,Spare ambulance,,,,,,,Spare by 1993,
C-733,,,,,,,,,,,,
C-734,,,,,,,,,,,,
C-735,,,,,,,,,,,,
C-736,,,,,,,,,,,,
C-737,,,,,,,,,,,,
C-738,,,,,,,,,,,,
C-739,,,,,,,,,,,,
C-740,,,,,,,,,,,,
C-741,,,,,,,,,,,,
C-742,1986,Ford E-350/Wheeled Coach,,,,,,,,,Repainted black over red; Junked,
C-743,1987,Ford E-350/Wheeled Coach,,Ambulance 20,,,,,,,,
C-744,,,,,,,,,,,,
C-745,,,,,,,,,,,,
C-746,,,,,,,,,,,,
C-747,,,,,,,,,,,,
C-748,,,,,,,,,,,,
C-749,,,,,,,,,,,,
C-750,,,,,,,,,,,,
C-751,,,,,,,,,,,,
C-752,,,,,,,,,,,,
C-753,,,,,,,,,,,,
C-754,,,,,,,,,,,,
C-755,,,,,,,,,,,,
C-756,,,,,,,,,,,,
C-757,,,,,,,,,,,,
C-758,,,,,,,,,,,,
C-759,,,,,,,,,,,,
C-760,1987,Ford E-350/Wheeled Coach,,Ambulance 30,,,,,,,,
C-761,,,,,,,,,,,,
C-762,,,,,,,,,,,,
C-763,,,,,,,,,,,,
C-764,,,,,,,,,,,,
C-765,,,,,,,,,,,,
C-766,,,,,,,,,,,,
C-767,,,,,,,,,,,,
C-768,1987,Ford E-350/Wheeled Coach,,Ambulance 52 (5/18/1987 - ?),,,,,,,,
C-769,,,,,,,,,,,,
C-770,,,,,,,,,,,,
C-771,,,,,,,,,,,,
C-772,1987?,Ford E-350/Wheeled Coach,,,,,,,,,Emergency lights all changed to amber--either academy ambulance or shops vehicle; Sold at auction 7/17/2004,
C-773,,,,,,,,,,,,
C-774,,,,,,,,,,,,
C-775,,,,,,,,,,,,
C-776,,,,,,,,,,,,
C-777,,,,,,,,,,,,
C-778,1988,Ford E-350/Wheeled Coach,,,Spare ambulance,5 - 7 - 1 Building Maintenance,,,,,"*Could possibly be C-776; ambulance box lights changed to amber, while grille and roof beacon remained original",5-7-1 (Bill Friedrich)
C-779,,,,,,,,,,,,
C-780,,,,,,,,,,,,
C-781,,,,,,,,,,,,
C-782,,,,,,,,,,,,
C-783,,,,,,,,,,,,
C-784,1988,Ford E-350/Wheeled Coach,,,Air Mask 6 - 4 - 6,,,,,,,
C-785,,,,,,,,,,,,
C-786,1988,Ford E-350/Wheeled Coach,,,Squad 1B (air bag unit),,,,,,,Squad 1B (Bill Friedrich)
C-787,1988,Ford E-350/Wheeled Coach,,Ambulance 31,,,,,,,,
C-788,,,,,,,,,,,,
C-789,,,,,,,,,,,,
C-790,,,,,,,,,,,,
C-791,1989,Ford E-350/Wheeled Coach,,,Squad 5B (air bag unit),,,,,,Sold at auction 2/6/2007; 1989s were first with fender strobes?,Squad 5B (Bill Friedrich)
C-792,,,,,,,,,,,,
C-793,,,,,,,,,,,,
C-794,,,,,,,,,,,,
C-795,,,,,,,,,,,,
C-796,,,,,,,,,,,,
C-797,,,,,,,,,,,,
C-798,,,,,,,,,,,,
C-799,,,,,,,,,,,,
C-800,,,,,,,,,,,,
C-801,,,,,,,,,,,,
C-802,,,,,,,,,,,,
C-803,,,,,,,,,,,,
C-804,1989,Ford E-350/Wheeled Coach,,,Squad 2B (air bag unit) (? - 2000?),5 - 6 - 2 (2000? - 2006?),,,,,Sold at auction 2/6/2007,Squad 2B (Bill Friedrich) 5-6-2 (chicagofd.org)
C-805,,,,,,,,,,,,
C-806,,,,,,,,,,,,
C-807,,,,,,,,,,,,
C-808,,,,,,,,,,,,
C-809,,,,,,,,,,,,
C-810,,,,,,,,,,,,
C-811,,,,,,,,,,,,
C-812,,,,,,,,,,,,
C-813,1990,Ford E-350/Wheeled Coach,,Ambulance 9,,,,,,,,
C-814,,,,,,,,,,,,
C-815,,,,,,,,,,,,
C-816,,,,,,,,,,,,
C-817,,,,,,,,,,,,
C-818,,,,,,,,,,,,
C-819,,,,,,,,,,,,
C-820,,,,,,,,,,,,
C-821,1990,Ford E-350/Wheeled Coach,,Ambulance 52,,,,,,,,
C-822,,,,,,,,,,,,
C-823,,,,,,,,,,,,
C-824,,,,,,,,,,,,
C-825,,,,,,,,,,,,
C-826,,,,,,,,,,,,
C-827,,,,,,,,,,,,
C-828,,,,,,,,,,,,
C-829,,,,,,,,,,,,
C-830,,,,,,,,,,,,
C-831,1990,Ford E-350/Wheeled Coach,,,Spare ambulance,,,,,,,Spare ambulance (Smith Bros)
C-832,,,,,,,,,,,,
C-833,,,,,,,,,,,,
C-834,,,,,,,,,,,,
C-835,,,,,,,,,,,,
C-836,,,,,,,,,,,,
C-837,,,,,,,,,,,,
C-838,,,,,,,,,,,,
C-839,1990,Ford E-350/Wheeled Coach,,Ambulance 57 (6/13/1991 - ?),,,,,,,First vehicle assigned to Ambulance 57,
C-840,,,,,,,,,,,,
C-841,,,,,,,,,,,,
C-842,,,,,,,,,,,,
C-843,,,,,,,,,,,,
C-844,,,,,,,,,,,,
C-845,,,,,,,,,,,,
C-846,,,,,,,,,,,,
C-847,,,,,,,,,,,,
C-848,,,,,,,,,,,,
C-849,,,,,,,,,,,,
C-850,,,,,,,,,,,,
C-851,,,,,,,,,,,,
C-852,,,,,,,,,,,,
C-853,1992,Ford E-350/McCoy Miller,,Ambulance 23,,,,,,,,
C-854,1992,Ford E-350/McCoy Miller,,,Spare command van,4 - 2 - 12 OEMC Field Com,,,,,Became OEMC Field Com (had blue & red strobe lights and OEMC City of Chicago graphics); also known as Interoperability Van or OEMC Unified Command Van,Spare command van (Bill Friedrich) 4-2-12 (Smith Bros)
C-855,,,,,,,,,,,,
C-856,1992,Ford E-350/McCoy Miller,,,EMS Training Division,,,,,,Repainted white over red; Sold at auction 7/17/2004,
C-857,,,,,,,,,,,,
C-858,,,,,,,,,,,,
C-859,,,,,,,,,,,,
C-860,,,,,,,,,,,,
C-861,,,,,,,,,,,,
C-862,,,,,,,,,,,,
C-863,,,,,,,,,,,,
C-864,1993?,Ford E-350/McCoy Miller?,,,Apparatus Maintenance - Repair & Supply,,,,,,"Found in junkyard in Racine, WI 9/2013",
C-865,,,,,,,,,,,,
C-866,1993,Ford E-350/Wheeled Coach,,Ambulance 30,,,,,,,Actually McCoy Miller?,
C-867,,,,,,,,,,,,
C-868,,,,,,,,,,,,
C-869,,,,,,,,,,,,
C-870,1993,Ford E-350/McCoy Miller,,Ambulance 37,,,,,,,,
C-871,1993,Ford E-350/McCoy Miller,,,,,,,,,Repainted white over red; Sold at auction 4/15/2008,
C-872,,,,,,,,,,,,
C-873,,,,,,,,,,,,
C-874,,,,,,,,,,,,
C-875,,,,,,,,,,,,
C-876,,,,,,,,,,,,
C-877,,,,,,,,,,,,
C-878,1995,Ford E-350/McCoy Miller,,,,,,,,,Sold at auction 3/20/2004,
C-879,,,,,,,,,,,,
C-880,1995,Ford E-350/McCoy Miller,,,,,,,,,Sold at auction 11/13/2007,
C-881,1995,Ford E-350/McCoy Miller,,,5 - 6 - 5 Special Operations,,,,,,Repainted black over red; still in service 11/10/2013; became G-577 sometime in 2012 or 2013,5-6-5 (Gordon J. Nord)
C-882,1995,Ford E-350/McCoy Miller,,,Spare ambulance,,,,,,One of these 1995 ambulance became Air Mask 6 - 4 - 9,
C-883,,,,,,,,,,,,
C-884,,,,,,,,,,,,
C-885,,,,,,,,,,,,
C-886,,,,,,,,,,,,
C-887,,,,,,,,,,,,
C-888,,,,,,,,,,,,
C-889,1995,Ford E-350/McCoy Miller,,,6 - 8 - 7A Scuba Team reserve unit (? - at least 9/18/2005),2 - 8 - 3A Engineer Training,,,,,Repainted black over red; Sold at auction 1/21/2010,6-8-7A (chicagofd.org) 2-8-7A (Hank Sajovic)
C-890,,,,,,,,,,,,
C-891,,,,,,,,,,,,
C-892,,,,,,,,,,,,
C-893,1995,Ford E-350/McCoy Miller,,,Spare ambulance,,,,,,Spare by 11/2001,Spare ambulance (Tim Vermande)
C-894,1995,Ford E-350/McCoy Miller,,,Ambulance 89,,,,,,Sold at auction 7/17/2004,
C-895,1995,Ford E-350/McCoy Miller,,,Support Services 6 - 4 - 11,,,,,,Seen 3/2003; repainted black over red,6-4-11 (Bill Friedrich)
C-896,1996,Ford E-350/McCoy Miller,,,Air Mask 6 - 4 - 6,,,,,,,
C-897,1996,Ford E-350/McCoy Miller,,,,,,,,,Sold at auction 2/27/2007,
C-898,1996,Ford E-350/McCoy Miller,,,Driver Training,,,,,,Used at least until 3/23/2006,Driver Training (Karl Klotz)
C-899,1996,Ford E-350/McCoy Miller,,,,,,,,,Sold at auction 3/20/2004,
C-900,,,,,,,,,,,,
C-901,1996,Ford E-350/McCoy Miller,,,,,,,,,Repainted white over red; Sold at auction 3/5/2009,
C-902,1996,Ford E-350/McCoy Miller,,,,,,,,,Sold at auction 11/12/2005,
C-903,1996,Ford E-350/McCoy Miller,,,,,,,,,Sold at auction 3/20/2004,
C-904,1996,Ford E-350/McCoy Miller,,,Spare ambulance,,,,,,Spare by 11/2001; Sold at auction 10/16/2007,Spare ambulance (Tim Vermande)
C-905,,,,,,,,,,,,
C-906,1996,Ford E-350/McCoy Miller,,,,,,,,,Sold at auction 4/29/2008,
C-907,,,,,,,,,,,,
C-908,1996,Ford E-350/McCoy Miller,,,7 - 7 - 3 EMS Supply,,,,,,Repainted white over red; Sold at auction 10/30/2004,
C-909,,,,,,,,,,,,
C-910,,,,,,,,,,,,
C-911,,,,,,,,,,,,
C-912,,,,,,,,,,,,
C-913,,,,,,,,,,,,
C-914,1996,Ford E-350/McCoy Miller,,,,,,,,,Sold at auction 2/27/2007,
C-915,1996,Ford E-350/McCoy Miller,,,Spare ambulance,,,,,,Sold at auction 4/30/2005,
C-916,,,,,,,,,,,,
C-917,1996,Ford E-350/McCoy Miller,,,,,,,,,Sold at auction 3/4/2006,
C-918,1996,Ford E-350/McCoy Miller,,,Spare ambulance,,,,,,Sold at auction 4/24/2004,
C-919,,,,,,,,,,,,
C-920,,,,,,,,,,,,
C-921,1996,Ford E-350/McCoy Miller,,,,,,,,,Sold at auction 11/12/2005,
C-922,,,,,,,,,,,Code 3 Collectibles replica models of Ambulances 3 and 6,
C-923,,,,,,,,,,,,
C-924,1996,Ford E-350/McCoy Miller,,,,,,,,,Repainted white over red; Sold at auction 10/30/2004,
C-925,,,,,,,,,,,,
C-926,,,,,,,,,,,,
C-927,,,,,,,,,,,,
C-928,1998,Ford E-350/McCoy Miller,,Ambulance 28,,,,,,,"One of these became 8 - 8 - 3, another 8 - 8 - 4 (pre-1996 model)",
C-929,,,,,,,,,,,"One of these became Chicago Police 6831, a marine unit dive truck, with blue and white strobes",
C-930,,,,,,,,,,,,
C-931,,,,,,,,,,,,
C-932,,,,,,,,,,,,
C-933,1998,Ford E-350/McCoy Miller,,,Spare ambulance,,,,,,Destroyed in rollover crash; sold at auction 4/30/2005,
C-934,1998,Ford E-350/McCoy Miller,,Ambulance 50,,,,,,,Sold at auction 3/20/2004,
C-935,,,,,,,,,,,,
C-936,,,,,,,,,,,,
C-937,1998,Ford E-350/McCoy Miller,,Ambulance 5 (1998 - 2002),Spare ambulance,6 - 4 - 18 Support Services,,,,,Still in service as spare 2/8/2006; carries Segway scooters or bicycles for paramedics at special events; pulse graphics removed,Spare ambulance (Dave Traiforos) 6-4-18 (Hank Sajovic)
C-938,,,,,,,,,,,,
C-939,,,,,,,,,,,,
C-940,1998,Ford E-350/McCoy Miller,,Ambulance 34,,,,,,,Sold at auction 4/24/2004,
C-941,1998,Ford E-350/McCoy Miller,,,Spare ambulance,,,,,,Sold at auction 4/30/2005,
C-942,1998,Ford E-350/McCoy Miller,,Ambulance 57,Spare ambulance,Reserve ambulance (O’Hare),,,,,"Still used as spare in 2012; seen in storage at O’Hare on 6/24/2015, with pulse graphics & strobes maintained",
C-943,,,,,,,,,,,,
C-944,,,,,,,,,,,,
C-945,,,,,,,,,,,,
C-946,,,,,,,,,,,,
C-947,1999,Ford E-350/McCoy Miller,,,Spare ambulance,,,,,,Sold at auction 7/17/2004,
C-948,,,,,,,,,,,,
C-949,,,,,,,,,,,,
C-950,1999,Ford E-350/McCoy Miller,,Ambulance 46,,,,,,,,
C-951,1999,Ford E-350/McCoy Miller,,,Spare ambulance,,,,,,Sold at auction 3/20/2004,
C-952,1999,Ford E-350/McCoy Miller,,,Airbag Utility 5 - 6 - 1 (? - present),,,,,,Carries jump (air) bags and trash pump; Code 3 Collectibles model replica (5-6-1),5-6-1 (Gordon J. Nord)
C-953,,,,,,,,,,,,
C-954,,,,,,,,,,,,
C-955,1999,Ford E-350/McCoy Miller,,,Ambulance 70,Spare ambulance (? - 7/2013),Ambulance 86 (7/2013 - 7/2014),Spare ambulance (7/2014 - present),,,Ambulance 70 is only used for special events; kept strobes while at A86; still in service 4/25/2014; A86 was last type III in service before 2013/2014 purchases,Ambulance 86 (Josh Boyajian)
C-956,,,,,,,,,,,,
C-957,1999,Ford E-350/McCoy Miller,,,,,,,,,Sold at auction 1/2/2007,
C-958,1999?,Ford E-350/McCoy Miller,,,Spare ambulance,,,,,,,
C-959,,,,,,,,,,,,
C-960,,,,,,,,,,,,
C-961,2000,Ford E-350/McCoy Miller,,,,,,,,,2000 was the first year for small strobe lights on ambulance box; Sold at auction 5/8/2008,
C-962,,,,,,,,,,,"One of the 2000-2002 E-350s ended up as training ambulance at Moraine Valley Community College, painted red with white stripe",
C-963,,,,,,,,,,,,
C-964,,,,,,,,,,,,
C-965,2000,Ford E-350/McCoy Miller,,Ambulance 81,,,,,,,Sold at auction 7/17/2004,
C-966,,,,,,,,,,,,
C-967,,,,,,,,,,,,
C-968,,,,,,,,,,,,
C-969,,,,,,,,,,,,
C-970,,,,,,,,,,,,
C-971,2000,Ford E-350/McCoy Miller,,,Spare ambulance,,,,,,Accident damage; Sold at auction 11/12/2005,
C-972,2000,Ford E-350/McCoy Miller,,,Spare ambulance,,,,,,Sold at auction 3/6/2007,
C-973,,,,,,,,,,,,
C-974,,,,,,,,,,,,
C-975,2000,Ford E-350/McCoy Miller,,"Ambulance 31, 51 or 91 (unclear)",,,,,,,Destroyed in accident; sold at auction 4/30/2005,
C-976,2000,Ford E-350/McCoy Miller,,,,,,,,,Accident damage; Sold at auction 11/12/2005,
C-977,,,,,,,,,,,,
C-978,,,,,,,,,,,,
C-979,2000,Ford E-350/McCoy Miller,,,,,,,,,Sold at auction 1/2/2007,
C-980,2000,Ford E-350/McCoy Miller,,,Spare ambulance,,,,,,Sold at auction 11/12/2005,
C-981,,,,,,,,,,,,
C-982,,,,,,,,,,,,
C-983,2000,Ford E-350/McCoy Miller,,Ambulance 35,,,,,,,,
C-984,,,,,,,,,,,,
C-985,,,,,,,,,,,,
C-986,,,,,,,,,,,,
C-987,,,,,,,,,,,,
C-988,2000,Ford E-350/McCoy Miller,,Ambulance 17,,,,,,,,
C-989,,,,,,,,,,,,
C-990,2002,Ford E-350/McCoy Miller,,,Spare ambulance,,,,,,Spare by 8/12/2005,
C-991,,,,,,,,,,,,
C-992,,,,,,,,,,,,
C-993,,,,,,,,,,,,
C-994,,,,,,,,,,,,
C-995,2002,Ford E-350/McCoy Miller,,,Spare ambulance,Ambulance 86 (at least 11/5/2007 - 7/2013),Spare ambulance (7/2013 - at least 7/2014),,,,"Unitrol 480K siren; Last frontline Type III ambulance in CFD, & retrofitted with larger LEDs; still in frontline 6/2013; 86 marked on removable number plate on ambulance box; seen in fleet spare yard 7/2014","Ambulance 86 (Bill Friedrich) Ambulance 86 (Dennis McGuire, Jr.)"
C-996,2002,Ford F-350 /MedicMaster,,Ambulance 5,,,,,,,First Type I ambulance purchased by CFD since 1985; first ambulance with LED lights; Destroyed in crash; Sold at auction 8/28/2007,
C-997,2002,Ford F-350 /MedicMaster,,Ambulance 39,,,,,,,,
C-998,2002,Ford F-350 /MedicMaster,,,6 - 4 - 9 Air Mask Unit,,,,,,,6-4-9 (Bill Friedrich)
C-999,2002,Ford F-350 /MedicMaster,,,2 - 9 - 7A Hazmat Training ,5 - 1 - 3 Joint Hazard Assessment Team?,,,,,,2-9-7A (Hank Sajovic)
C-000,2002,Ford F-350 /MedicMaster,,Ambulance 54,4 - 9 - 7C Public Education Unit,,,,,,,Ambulance 54 (Gordon J. Nord) 4-9-7C (Karl Klotz)
C-001,2002,Ford F-350 /MedicMaster,,Ambulance 12,,,,,,,Accident damage; Sold at auction 3/6/2007,
C-002,,,,,,,,,,,One of these 2002 Fords became Special Operations Hazmat 5-1-3 by late-2010,
C-003,2002,Ford F-350 /MedicMaster,,,,,,,,,"*Unconfirmed shop #, but possibly 6-4-11 Support Services; sold at auction 4/10/2015",
C-004,2003,Ford F-350 /MedicMaster,,Ambulance 15,,,,,,,One of these used as 7-7-3,Ambulance 15 (Bill Friedrich)
C-005,,,,,,,,,,,,
C-006,2003,Ford F-350 /MedicMaster,,Fire Academy Ambulance,,,,,,,"Originally marked “Driver Training,” later simply “Training”",Driver Training (Karl Klotz)
C-007,,,,,,,,,,,,
C-008,2003,Ford F-350 /MedicMaster,,Ambulance 13?,,,,,,,unconfirmed shop #,
C-009,2003,Ford F-350 /MedicMaster,,,Spare ambulance,,,,,,Used as Ambulance 75 during Mass Casualty Drill at 57th Pl. & Normal on 5/7/2013,
C-010,2003,Ford F-350 /MedicMaster,,Ambulance 28 (2003 - ?),,,,,,,,Ambulance 28 (Gordon J. Nord)
C-011,2003,Ford F-350 /MedicMaster,,,2 - 9 - 7B Hazmat Operations,,,,,,"Was in service as 2-9-7B by 5/4/2009; Still in service as 2 - 9 - 7B, 8/15/2012",2-9-7B (Hank Sajovic) 2-9-7B (Karl Klotz)
C-012,,,,,,,,,,,,
C-013,,,,,,,,,,,,
C-014,2003,Ford E-350/,,8 - 8 - 4 mass casualty unit,,,,,,,unconfirmed shop #,
C-015,,,,,,,,,,,,
C-016,2003,Ford F-350 /MedicMaster,,Ambulance 10,,,,,,,,
C-017,,,,,,,,,,,,
C-018,2003,Ford F-350 /MedicMaster,,,Spare ambulance,,,,,,Used as Ambulance 78 during Mass Casualty Drill at 57th Pl. & Normal on 5/7/2013,
C-019,2003,Ford F-350 /MedicMaster,,,6 - 8 - 7A Scuba Team reserve unit,,,,,,,6-8-7A (Bill Friedrich)
C-020,2003,Ford F-350 /MedicMaster,,,Spare ambulance,Ambulance 77 (Special Events),,,,,Used as Ambulance 77 during NATO summit in May 2012,Ambulance 77 (Gordon J. Nord)
C-021,2003,Ford F-350 /MedicMaster,,Ambulance 49,Spare ambulance,Ambulance 76 (Special Events),Ambulance 156? (Special Events),,,,Had gold CFD scramble on cab doors; used as ambulance during Mass Casualty Drill at 57th Pl. & Normal on 5/7/2013; used as Ambulance 76 at Taste of Chicago June & July 2013,Ambulance 76 (Josh Boyajian)
C-022,2003,Ford F-350 /MedicMaster,,,7 - 7 - 2 Support & Logistics,,,,,,,7-7-2 (Hank Sajovic)
C-023,,,,,,,,,,,,
C-024,2003,Ford F-350 /MedicMaster,,Ambulance 41,Spare ambulance,,,,,,,Ambulance 41 (Gordon J. Nord)
C-025,2003,Ford F-350 /MedicMaster,,Ambulance 31,,,,,,,,Ambulance 31 (Bill Friedrich)
C-026,,,,,,,,,,,,
C-027,,,,,,,,,,,,
C-028,,,,,,,,,,,,
C-029,2003,Ford F-350 /MedicMaster,,Ambulance 40,,,,,,,,
C-030,2004,Ford F-350 /MedicMaster,,Ambulance 42,,,,,,,,Ambulance 42 (Gordon J. Nord)
C-031,2004,Ford F-350 /MedicMaster,,Ambulance 11,,,,,,,,
C-032,,,,,,,,,,,,
C-033,2004,Ford F-350 /MedicMaster,,Ambulance 14,Spare ambulance,,,,,,Used as Ambulance 79 during Mass Casualty Drill at 57th Pl. & Normal on 5/7/2013,Ambulance 14 (Gordon J. Nord)
C-034,2004,Ford F-350 /MedicMaster,,Ambulance 48,,,,,,,*Unconfirmed,Ambulance 48 (Bill Friedrich)
C-035,2004,Ford F-350 /MedicMaster,,,,,,,,,Sold at auction 11/7/2006,
C-036,2004,Ford F-350 /MedicMaster,,Ambulance 52,Ambulance 73 (Special Events),,,,,,Used during Taste of Chicago (among others),
C-037,2004,Ford F-350 /MedicMaster,,Ambulance 35,,,,,,,,Ambulance 35 (Karl Klotz)
C-038,2004,Ford F-350 /MedicMaster,,Ambulance 48,,,,,,,,
C-039,2004,Ford E-450/Supreme,,8 - 8 - 2 mass casualty unit,,,,,,,,
C-040,2004,Ford E-450/Supreme,,8 - 8 - 3 mass casualty unit,,,,,,,,8-8-3 (Gordon J. Nord)
C-041,2004,Ford E-450/Supreme,,8 - 8 - 4 mass casualty unit,,,,,,,,8-8-4 (Scott Miller) 
C-042,2004,Ford F-350 /MedicMaster,,,,,,,,,,
C-043,2004,Ford F-350 /MedicMaster,,Ambulance 57,Spare ambulance,,,,,,"Still used as spare, 1/3/2014",
C-044,2004,Ford F-350 /MedicMaster,,,Spare ambulance,,,,,,Still used as spare in 2013,
C-045,2004,Ford F-350 /MedicMaster,,,Spare ambulance,Ambulance 23 (? - 6/2014),,,,,Spare by 9/28/2008,Spare ambulance (Gordon J. Nord) Ambulance 23 (Karl Klotz)
C-046,2004,Ford F-350 /MedicMaster,,Ambulance 3,,,,,,,Destroyed in crash; sold at auction 10/17/2006,
C-047,2004,Ford F-350 /MedicMaster,,Ambulance 4,Ambulance 82,Spare ambulance,,,,,Still in service 2/18/2013; sold at auction 8/13/2015,Ambulance 4 (Karl Klotz)
C-048,2004,Ford F-350 /MedicMaster,,,Spare ambulance,,,,,,"Spare used at NATO summit, 5/20/2012",Spare ambulance (Gordon J. Nord)
C-049,2004,Ford F-350 /MedicMaster,,Ambulance 7,Spare ambulance,,,,,,"Spare used at NATO summit, 5/20/2012",Spare ambulance (Gordon J. Nord)
C-050,2004,Ford F-350 /MedicMaster,,Ambulance 18,Spare ambulance,,,,,,Used as Ambulance 61 for “Chicago Fire” TV show post-pilot,Ambulance 18 (Bill Friedrich)
C-051,2004,Ford F-350 /MedicMaster,,Ambulance 20,Spare ambulance,,,,,,Used as Ambulance 74 during Mass Casualty Drill at 57th Pl. & Normal on 5/7/2013,
C-052,2004,Ford F-350 /MedicMaster,,Ambulance 25,Spare ambulance,,,,,,Spare by 2/25/2010; still in service 6/23/2012,Ambulance 25 (Karl Klotz) Spare ambulance (Gordon J. Nord) Spare ambulance (mbernero)
C-053,2004,Ford F-350 /MedicMaster,,,Spare ambulance,,,,,,Still in service 12/13/2012,
C-054,2004,Ford F-350 /MedicMaster,,Ambulance 44 (2004 - early 2010?),Spare ambulance,,,,,,Company patch on ambulance box; spare by 3/23/2010; possibly at auction in 10/2014,Ambulance 44 (Bill Friedrich) Spare ambulance (mbernero)
C-055,2004,Ford F-350 /MedicMaster,,Ambulance 47,Spare ambulance,,,,,,Used in pilot as Ambulance 61 for “Chicago Fire” TV show,Ambulance 47 (Karl Klotz)
C-056,2004,Ford F-350 /MedicMaster,,Ambulance 21,Ambulance 81,Spare ambulance,,,,,Red CFD scramble on cab doors; still in service 6/13/2013,"Ambulance 81 (Dennis McGuire, Jr.) Spare ambulance (Josh Boyajian)"
C-057,2004,Ford F-350 /MedicMaster,,Ambulance 1,Spare ambulance,,,,,,,
C-058,2004,Ford F-350 /MedicMaster,,,Spare ambulance,,,,,,Still in service 9/22/2012,Spare ambulance (mbernero)
C-059,2004,Ford F-350 /MedicMaster,,Fire Academy Ambulance,,,,,,,"Marked “Training,” later amended to “Training Division” w/ slide-out card",Training (Karl Klotz)
C-060,2004,Ford F-350 /MedicMaster,,,Spare ambulance,,,,,,,
C-061,2006,Ford F-350/Braun,,Ambulance 51,,,,,,,First ambulances with LED light bars; CFD scramble on doors now in traditional gold,Ambulance 51 (Bill Friedrich)
C-062,2006,Ford F-350/Braun,,Ambulance 12 (2006 - 2015?),,,,,,,Sold at auction 11/13/2015,Ambulance 12 (Gordon J. Nord)
C-063,2006,Ford F-350/Braun,,Ambulance 3,,,,,,,,
C-064,2006,Ford F-350/Braun,,Ambulance 80,Spare ambulance,,,,,,Still used as spare 5/18/2014,
C-065,2006,Ford F-350/Braun,,Ambulance 34,,,,,,,Cab & chassis heavily damaged and attempted for auction several times; box remounted?,Ambulance 34 (Bill Friedrich)
C-066,2006,Ford F-350/Braun,,Ambulance 15,Ambulance 90 (? - 2011),Spare ambulance,,,,,Still in service 4/25/2014; possibly still on 7/20/2015,Ambulance 90 (Bill Friedrich)
C-067,2006,Ford F-350/Braun,,Ambulance 82,,,,,,,Scavenged for parts; sold at auction 5/13/2011,Ambulance 82 (Bill Friedrich)
C-068,2006,Ford F-350/Braun,,Ambulance 83 (2006 - 9/22/2014),Ambulance 64 (9/22/2014 - present),,,,,,Has round Federal E2QB siren cover; Ambulance 83 (BLS) reorganized as Ambulance 64 (ALS) after elimination of BLS ambulances in September 2014,"Ambulance 83 (Bill Friedrich) Ambulance 83 (Dennis McGuire, Jr.) Ambulance 64 (Dennis McGuire, Jr.) "
C-069,2006,Ford F-350/Braun,,Ambulance 85 (2006 - 9/23/2014),Ambulance 66 (9/23/2014 - 2/2015?),,,,,,Chinese character for “85” on rear compartment doors; Ambulance 85 (BLS) reorganized as Ambulance 66 (ALS) after elimination of BLS ambulances in September 2014,"Ambulance 85 (Dennis McGuire, Jr.) Ambulance 66 (Dennis McGuire, Jr.)"
C-070,2006,Ford F-350/Braun,,Ambulance 60 (2006 - 5/2014),,,,,,,,Ambulance 60 (Gordon J. Nord)
C-071,2006,Ford F-350/Braun,,,Spare ambulance,,,,,,Still used as spare 6/28/2013,
C-072,2006,Ford F-350/Braun,,Ambulance 84 (2006 - 9/23/2014),Ambulance 65 (9/23/2014 - present),,,,,,Ambulance 84 (BLS) reorganized as Ambulance 65 (ALS) after elimination of BLS ambulances in September 2014; had red wheels as of 12/30/2014; still in service (with white front wheels) 6/21/2015,"Ambulance 84 (Dennis McGuire, Jr.) Ambulance 65 (Dennis McGuire, Jr.)"
C-073,2006,Ford F-350/Braun,,Ambulance 52,Spare ambulance,,,,,,Spare by 3/23/2010,Ambulance 52 (Bill Friedrich) Spare ambulance (mbernero)
C-074,2006,Ford F-350/Braun,,Fire Academy Ambulance,,,,,,,"Marked “Training,” later amended to “Training Division” w/ slide-out card",
C-075,2006,Ford F-350/Braun,,Fire Academy Ambulance,,,,,,,Marked “Training;” Used as Gotham City FD in The Dark Knight; became G-593 in 2014,As Gotham City ambulance (Gordon J. Nord
C-076,2006,Ford F-350/Braun,,Ambulance 91,Spare ambulance (? - 2015),,,,,,Still in service 12/20/2013; sold at auction 5/8/2015,
C-077,,,,,,,,,,,,
C-078,2006,Ford F-350/Braun,,,Spare ambulance,,,,,,,
C-079,2006,Ford F-350/Braun,,Ambulance 24,Spare ambulance,,,,,,Still in service 10/4/2014,
C-080,2006,Ford F-350/Braun,,Ambulance 10 (2006 - 6/25/2013?),Spare ambulance (6/25/2013? - 6/2015?),,,,,,Still in service 12/2/2014; sold at auction 6/19/2015,
C-081,2006,Ford F-350/Braun,,,Spare ambulance,,,,,,,
C-082,2006,Ford F-350/Braun,,Ambulance 10 (2006 - 6/25/2013?),,,,,,,,Ambulance 10 (Bill Friedrich)
C-083,2006,Ford F-350/Braun,,Ambulance 54 (2006 - at least 6/21/2014),,,,,,,,
C-084,2006,Ford F-350/Braun,,Ambulance 14,Spare ambulance,,,,,,Destroyed in accident on 4/6/2013; ambulance box remounted; chassis sold at auction 5/9/2014,Ambulance 14 (mbernero)
C-085,2006,Ford F-350/Braun,,Ambulance 5 (2006 - mid 2014),Spare ambulance (mid-2014? - 2015),,,,,,Sold at auction 6/11/2015,"Ambulance 5 (Dennis McGuire, Jr.)"
C-086,,,,,,,,,,,,
C-087,2006,Ford F-350/Braun,,Ambulance 19 (2006 - 7/2014?),Spare ambulance,,,,,,Sold at auction 2/11/2015,Ambulance 19 (Gordon J. Nord)
C-088,2006,Ford F-350/Braun,,,,,,,,,Possibly sold at auction 4/22/2015,
C-089,2006,Ford F-350/Braun,,Ambulance 1 (2006 - 2014),,,,,,,Sold at auction 3/5/2015,Ambulance 1 (Josh Boyajian)
C-090,2006,Ford F-350/Braun,,Ambulance 45 (2006 - 6/2014?),Spare ambulance,,,,,,Still in service 4/20/2015,Ambulance 45 (Josh Boyajian)
C-091,2006,Ford F-350/Braun,,Ambulance 53 (2006 - 2014),,,,,,,Still in service 5/16/2014,Ambulance 53 (Bill Friedrich)
C-092,2006,Ford F-350/Braun,,Ambulance 36 (2006 - 2014),,,,,,,Sold at auction 3/27/2015,"Ambulance 36 (Dennis McGuire, Jr.)"
C-093,2006,Ford F-350/Braun,,Ambulance 9 (2006 - 7/26/2014?),Spare ambulance,,,,,,Still in service 8/22/2015,Ambulance 9 (Gordon J. Nord)
C-094,2006,Ford F-350/Braun,,Ambulance 22,Spare ambulance (? - present),,,,,,Still in service 11/29/2014,Ambulance 22 (Bill Friedrich)
C-095,2006,Ford F-350/Braun,,Ambulance 13 (2006 - 4/2014),Spare ambulance (4/2014 - 10/2014),,,,,,Has company patch on ambulance box; sold at auction 11/19/2014,Ambulance 13 (Midwest Fire Depts)
C-096,2006,Ford F-350/Braun,,Ambulance 58 (2006 - 2014),,,,,,,,Ambulance 58 (Josh Boyajian)
C-097,2006,Ford F-350/Braun,,Ambulance 39 (2006 - 2015),Spare ambulance (? - present),,,,,,,"Ambulance 39 (Dennis McGuire, Jr.)"
C-098,2006,Ford F-350/Braun,,Ambulance 46,,,,,,,,Ambulance 46 (Midwest Fire Depts)
C-099,2006,Ford F-350/Braun,,Ambulance 17 (2006 - present),,,,,,,Still in service 11/24/2014,Ambulance 17 (Karl Klotz) Ambulance 17 (Bill Friedrich)
C-100,2006,Ford F-350/Braun,,Ambulance 91 (2006 - 8/2010),Ambulance 93 (? - 9/26/2014),Ambulance 74 (9/26/2014 - early 2015?),,,,,Ambulance 93 (BLS) reorganized as Ambulance 74 (ALS) after elimination of BLS ambulances in September 2014; still in service at 74 as of 12/30/2014,"Ambulance 91 (Bill Friedrich) Ambulance 93 (Bill Friedrich) Ambulance 74 (Dennis McGuire, Jr.) "
C-101,2007,Ford F-350/Braun,,Ambulance 41 (2007 - 2014),,,,,,,Sold at auction 12/23/2015,"Ambulance 41 (Dennis McGuire, Jr.)"
C-102,2007,Ford F-350/Braun,,Ambulance 92?,Spare ambulance (2010? - present),,,,,,First seen as spare (7/26/2010); still in service 6/3/2014; sold at auction 1/29/2015,
C-103,2007,Ford F-350/Braun,,Ambulance 92 (2007 - 9/26/2014),Ambulance 73 (9/26/2014 - present),,,,,,Ambulance 92 (BLS) reorganized as Ambulance 73 (ALS) after elimination of BLS ambulances in September 2014,"Ambulance 92 (Dennis McGuire, Jr.)"
C-104,2007,Ford F-350/Braun,,Ambulance 56 (2007 - present),,,,,,,,"Ambulance 56 (Dennis McGuire, Jr.)"
C-105,2007,Ford F-350/Braun,,Ambulance 2,,,,,,,,Ambulance 2 (Bill Friedrich)
C-106,2007,Ford F-350/Braun,,Ambulance 38 (2007 - 2015?),,,,,,,,Ambulance 38 (Bill Friedrich)
C-107,2007,Ford F-350/Braun,,Ambulance 50 (2007 - 2014),,,,,,,Sold at auction 10/8/2015,"Ambulance 50 (Dennis McGuire, Jr.)"
C-108,2007,Ford F-350/Braun,,Ambulance 6,,,,,,,,Ambulance 6 (Midwest Fire Depts)
C-109,2007,Ford F-350/Braun,,Ambulance 40,,,,,,,,Ambulance 40 (Bill Friedrich)
C-110,2007,Ford F-350/Braun,,Ambulance 43,,,,,,,Sold at auction 12/3/2014 (appears to have never been a spare),Ambulance 43 (Bill Friedrich)
C-111,2007,Ford F-350/Braun,,Ambulance 27,,,,,,,,Ambulance 27 (Bill Friedrich)
C-112,2007,Ford F-350/Braun,,Ambulance 42 (2007 - 12/2015?),,,,,,,,Ambulance 42 (Midwest Fire Depts)
C-113,2007,Ford F-350/Braun,,Ambulance 28,Ambulance 29?,Spare ambulance,,,,,First seen as spare 10/4/2014; still in service 3/19/2015,Ambulance 28 (Karl Klotz)
C-114,2007,Ford F-350/Braun,,Ambulance 7,,,,,,,,Ambulance 7 (Gordon J. Nord)
C-115,2007,Ford F-350/Braun,,Ambulance 55,Spare ambulance,Ambulance 89,,,,,Spare by 6/29/2009; assigned to Ambulance 89 by 10/8/2011,Ambulance 89 (Bill Friedrich)
C-116,2007,Ford F-350/Braun,,Ambulance 47 (2007 - at least 9/13/2014),,,,,,,,
C-117,2007,Ford F-350/Braun,,Ambulance 23,,,,,,,,Ambulance 23 (Karl Klotz)
C-118,2007,Ford F-350/Braun,,Ambulance 11(2007 - 2015),,,,,,,,Ambulance 11 (Josh Boyajian)
C-119,2007,Ford F-350/Braun,,Ambulance 30,Spare ambulance (?,,,,,,"Damaged in accident at 63rd & Halsted, 2/2014; appears to have not been repaired and sold at auction 5/29/2015; actually sold at auction 7/3/2015",Ambulance 30 (Bill Friedrich)
C-120,2007,Ford F-350/Braun,,Ambulance 35,,,,,,,,Ambulance 35 (Gordon J. Nord)
C-121,2007,Ford F-350/Braun,,Ambulance 31 (2007 - 2014),,,,,,,Did not sell at auction 2/6/2015; sold at auction 4/3/2015,"Ambulance 31 (Dennis McGuire, Jr.)"
C-122,2007,Ford F-350/Braun,,Ambulance 89 (2007 - 2/19/2011),,,,,,,Destroyed in crash 2/19/2011; ambulance box went to C-150,
C-123,2007,Ford F-350/Braun,,Ambulance 29 (2007 - 7/2014),Spare ambulance (2014 - present),,,,,,Still in service 5/12/2015,"Ambulance 29 (Dennis McGuire, Jr.)"
C-124,2007,Ford F-350/Braun,,Ambulance 88 (2007 - 9/26/2014),Ambulance 69 (9/26/2014 - 2016?),,,,,,Ambulance 88 (BLS) reorganized as Ambulance 69 (ALS) after elimination of BLS ambulances in September 2014,"Ambulance 88 (Dennis McGuire, Jr.) Ambulance 69 (Josh Boyajian)"
C-125,2007,Ford F-350/Braun,,Ambulance 20,,,,,,,,
C-126,2007,Ford F-350/Braun,,Ambulance 81 (2007 - 9/25/2014),Ambulance 62 (9/25/2014 - 2016),,,,,,Ambulance 81 (BLS) reorganized as Ambulance 62 (ALS) after elimination of BLS ambulances in September 2014,"Ambulance 81 (Dennis McGuire, Jr.) Ambulance 62 (Josh Boyajian)"
C-127,2007,Ford F-350/Braun,,Ambulance 25,,,,,,,,Ambulance 25 (Bill Friedrich)
C-128,2007,Ford F-350/Braun,,Ambulance 32 (2007 - present),,,,,,,,"Ambulance 32 (Dennis McGuire, Jr.)"
C-129,2007,Ford F-350/Braun,,Ambulance 33,,,,,,,,Ambulance 33 (mbernero)
C-130,2007,Ford F-350/Braun,,Ambulance 18 (2007 - present),,,,,,,Still in service 4/6/2015,Ambulance 18 (Josh Boyajian)
C-131,2007,Ford F-350/Braun,,Ambulance 44 (2007 - 2015),,,,,,,Has company patch on ambulance box,"Ambulance 44 (Dennis McGuire, Jr.)"
C-132,2007,Ford F-350/Braun,,Ambulance 4 (2007 - 2015?),,,,,,,,Ambulance 4 (Smith Bros)
C-133,2007,Ford F-350/Braun,,Ambulance 57 (2007 - ?),Spare ambulance (? - 2015),,,,,,Sold at auction 7/10/2015,"Ambulance 57 (Dennis McGuire, Jr.)"
C-134,2007,Ford F-350/Braun,,Ambulance 49 (2007 - 8/2014?,Spare ambulance (8/2014? - present),,,,,,First seen as spare 6/18/2015,Ambulance 49 (Bill Friedrich)
C-135,2007,Ford F-350/Braun,,Ambulance 10 (2007 - 6/25/2013?),Spare ambulance (2013 - 2015),,,,,,"Used at least until 6/24/2013 as Ambulance 10; attempted sale on 1/8/2016, but not sold at auction until 3/3/2016",Ambulance 10 (Josh Boyajian)
C-136,2007,Ford F-350/Braun,,Ambulance 15 (2007 - 2014),,,,,,,Sold at auction 10/2/2015 after being stripped for parts (front end and interior of ambulance box),Ambulance 15 (Josh Boyajian)
C-137,2007,Ford F-350/Braun,,Ambulance 34 (2007 - 12/2014?),,,,,,,Shown on newscast with passenger door hanging off,Ambulance 34 (Josh Boyajian)
C-138,2007,Ford F-350/Braun,,Ambulance 52,Spare ambulance (? - 2015),,,,,,Sold at auction 7/30/2015,
C-139,2007,Ford F-350/Braun,,Ambulance 55 (? - early 2015?),,,,,,,,Ambulance 55 (Josh Boyajian)
C-140,2009,Ford F-450/Braun,,Ambulance 87 (? - 9/25/2014),Ambulance 68 (9/25/2014 - present),Spare ambulance,,,,,Ambulance 87 (BLS) reorganized as Ambulance 68 (ALS) after elimination of BLS ambulances in September 2014; first seen as spare 3/25/2016,"Ambulance 87 (Dennis McGuire, Jr.)"
C-141,2010,Ford F-450/Braun,,Ambulance 8 (2010 - 2015),,,,,,,,"Ambulance 8 (Dennis McGuire, Jr.)"
C-142,2010,Ford F-450/Braun,,Ambulance 21,,,,,,,,
C-143,2010,Ford F-450/Braun,,Ambulance 24,,,,,,,,
C-144,2010,Ford F-450/Braun,,Ambulance 14 (2010 - 12/2014?),,,,,,,,Ambulance 14 (Bill Friedrich) Ambulance 14 (Josh Boyajian)
C-145,2010,Ford F-450/Braun,,Ambulance 37 (2010 - present),,,,,,,,"Ambulance 37 (Dennis McGuire, Jr.)"
C-146,2011,Ford F-450/Braun,,Ambulance 80 (2011 - 9/25/2014),Ambulance 61 (9/25/2014 - 2016),,,,,,Has tiny lettering on front of ambulance box; Ambulance 80 (BLS) reorganized as Ambulance 61 (ALS) after elimination of BLS ambulances in September 2014; already seen marked as Ambulance 61 on 9/24/2014,"Ambulance 61 (Dennis McGuire, Jr.)"
C-147,2011,Ford F-450/Braun,,Ambulance 90 (2011 - 9/24/2014),Ambulance 71 (9/24/2014 - present),,,,,,Ambulance 90 (BLS) reorganized as Ambulance 71 (ALS) after elimination of BLS ambulances in September 2014,
C-148,2011,Ford F-450/Braun,,Ambulance 91 (8/2010 - 9/24/2014),Ambulance 72 (9/24/2014 - present),,,,,,First seen 8/29/2010; Ambulance 91 (BLS) reorganized as Ambulance 72 (ALS) after elimination of BLS ambulances in September 2014,"Ambulance 91 (Dennis McGuire, Jr.) Ambulance 72 (Dennis McGuire, Jr.)"
C-149,2011,Ford F-450/Braun,,Ambulance 94 (8/2010? - 9/26/2014),Ambulance 75 (9/26/2014 - present),,,,,,Ambulance 94 (BLS) reorganized as Ambulance 75 (ALS) after elimination of BLS ambulances in September 2014,Ambulance 94 (Bill Friedrich)
C-150,2013,Ford F-350/Braun,,Ambulance 30 (4/2013 - present),,,,,,,First CFD ambulance with Vision SLR lights & first to use green lights since 1980s; PowerStroke diesel; ambulance box from C-122 (Ambulance 89),
C-151,2013,Ford F-350/Braun,,Ambulance 10 (6/25/2013? - present),,,,,,,First seen at radio shop 6/2013; ambulance box remount; has tiny lettering on front of ambulance box; black grille,Ambulance 10 (Josh Boyajian)
C-152,2013,Ford F-350/Braun,,Ambulance 82 (? - 9/23/2014),Ambulance 63 (9/23/2014- present),,,,,,First seen at shops 11/2013; chrome grille; ambulance box remount; Ambulance 82 (BLS) reorganized as Ambulance 63 (ALS) after elimination of BLS ambulances in September 2014,Ambulance 63 (Josh Boyajian)
C-153,2013,Ford F-350/Braun,,Ambulance 89 (? - 9/24/2014),Ambulance 70 (9/24/2014 - present),,,,,,New ambulance 89 first seen at shops 3/2014; ambulance box remount (from a 2006); chrome grille; Ambulance 89 (BLS) reorganized as Ambulance 70 (ALS) after elimination of BLS ambulances in September 2014,Ambulance 70 (Josh Boyajian)
C-154,2014,Ford E-450/Wheeled Coach,,Ambulance 13 (4/2014 - present),,,,,,,"Has “Ambulance Co.” markings and redesigned paint scheme; has following differences from subsequent purchases: lettering on ambulance box smaller, EMS symbol smaller, different vent location, different rear side marker light location; first seen 3/11/2014 at manufacturer; first Type III ambulance since C-995 (2002); gasoline engine; first seen in service 4/7/2014;","Ambulance 13 (Dennis McGuire, Jr.)"
C-155,2014,Ford E-450/Wheeled Coach,,Ambulance 7 (? - present),,,,,,,,Ambulance 7 (Josh Boyajian)
C-156,2014,Ford E-450/Wheeled Coach,,Ambulance 60 (5/2014 - present),,,,,,,"First seen 5/21/2014; also has small ambulance box lettering, small EMS symbol, and lower vent location, but marker light moved",Ambulance 60 (Josh Boyajian)
C-157,2014,Ford E-450/Wheeled Coach,,Ambulance 5 (? - present),,,,,,,First seen 9/17/2014,"Ambulance 5 (Dennis McGuire, Jr.)"
C-158,2014,Ford E-450/Wheeled Coach,,Ambulance 48 (? - present),,,,,,,First seen 11/24/2014,"Ambulance 48 (Dennis McGuire, Jr.)"
C-159,2014,Ford E-450/Wheeled Coach,,Ambulance 3 (? - present),,,,,,,,Ambulance 3 (Zol87)
C-160,2014,Ford E-450/Wheeled Coach,,Ambulance 22 (? - present),,,,,,,First seen 11/8/2014,"Ambulance 22 (Dennis McGuire, Jr.)"
C-161,2014,Ford E-450/Wheeled Coach,,Ambulance 50 (? - present),,,,,,,,Ambulance 50 (Josh Boyajian)
C-162,2014,Ford E-450/Wheeled Coach,,Ambulance 19 (? - present),,,,,,,First seen 10/1/2014,Ambulance 19 (mbernero)
C-163,2014,Ford E-450/Wheeled Coach,,Ambulance 86 (7/2014 - 9/22/2014),Ambulance 67 (9/22/2014 - present),,,,,,Replaced C-955 at Ambulance 86; Ambulance 86 (BLS) reorganized as Ambulance 67 (ALS) after elimination of BLS ambulances in September 2014,Ambulance 86 (Josh Boyajian) Ambulance 67 (Josh Boyajian)
C-164,2014,Ford E-450/Wheeled Coach,,Ambulance 58 (? - present),,,,,,,First seen 10/25/2014,Ambulance 58 (Josh Boyajian)
C-165,2014,Ford E-450/Wheeled Coach,,Ambulance 23 (5/2014 - 7/18/2014),,,,,,,"First seen completed at manufacturer, 5/15/2014, along with Ambulances 22 and possibly 25; first seen in service 5/30/2014; totaled in accident at Harlem & Bryn Mawr on 7/18/2014","Ambulance 23 (Dennis McGuire, Jr.)"
C-166,2014,Ford E-450/Wheeled Coach,,Ambulance 45 (? - present),,,,,,,,Ambulance 45 (Josh Boyajian)
C-167,2014,Ford E-450/Wheeled Coach,,Ambulance 29 (7/2014 - present),,,,,,,First seen 7/29/2014,"Ambulance 29 (Dennis McGuire, Jr.) Ambulance 29 (Karl Klotz)"
C-168,2014,Ford E-450/Wheeled Coach,,Ambulance 15 (2014 - present),,,,,,,*Busiest ambulance in Chicago in 2014; first seen 11/24/2014,Ambulance 15 (Josh Boyajian)
C-169,2014,Ford E-450/Wheeled Coach,,Ambulance 47 (7/2014? - present),,,,,,,First seen 8/15/2014,
C-170,2014,Ford E-450/Wheeled Coach,,Ambulance 9 (7/26/2014? - present),,,,,,,"First seen completed at manufacturer in Orlando, Florida on 5/23/2014",Ambulance 9 (Josh Boyajian)
C-171,2014,Ford E-450/Wheeled Coach,,Ambulance 41 (? - present),,,,,,,First seen 10/22/2014,"Ambulance 41 (Dennis McGuire, Jr.)"
C-172,2014,Ford E-450/Wheeled Coach,,Ambulance 49 (8/2014? - present),,,,,,,,"Ambulance 49 (Dennis McGuire, Jr.)"
C-173,,,,,,,,,,,,
C-174,2014,Ford E-450/Wheeled Coach,,Ambulance 6 (8/2014 - present),,,,,,,,"Ambulance 6 (Dennis McGuire, Jr.)"
C-175,2014,Ford E-450/Wheeled Coach,,Ambulance 1 (11/2014? - present),,,,,,,A1 first seen with new ambulance 8/8/2014,"Ambulance 1 (Dennis McGuire, Jr.)"
C-176,2014,Ford E-450/Wheeled Coach,,Ambulance 33 (? - present),,,,,,,,Ambulance 33 (Josh Boyajian)
C-177,2014,Ford E-450/Wheeled Coach,,Ambulance 36 (? - present),,,,,,,,
C-178,2014,Ford E-450/Wheeled Coach,,Ambulance 52 (? - present),,,,,,,,Ambulance 52 (Bill Friedrich)
C-179,,,,,,,,,,,,
C-180,2014,Ford E-450/Wheeled Coach,,Ambulance 34 (12/2014? - present),,,,,,,First seen 12/21/2014,Ambulance 34 (Josh Boyajian)
C-181,2014,Ford E-450/Wheeled Coach,,Ambulance 40 (? - present),,,,,,,,"Ambulance 40 (Dennis McGuire, Jr.)"
C-182,2014,Ford E-450/Wheeled Coach,,Ambulance 43 (12/2014 - present),,,,,,,First seen 12/29/2014,"Ambulance 43 (Dennis McGuire, Jr.)"
C-183,2014,Ford E-450/Wheeled Coach,,Ambulance 46 (? - present),,,,,,,,
C-184,2014,Ford E-450/Wheeled Coach,,Ambulance 54 (? - present),,,,,,,,Ambulance 54 (mbernero)
C-185,2014,Ford E-450/Wheeled Coach,,Ambulance 44 (? - present),,,,,,,,Ambulance 44 (mbernero)
C-186,2014,Ford E-450/Wheeled Coach,,Ambulance 35 (? - present),,,,,,,,Ambulance 35 (Josh Boyajian)
C-187,,,,,,,,,,,,
C-188,2014,Ford E-450/Wheeled Coach,,Ambulance 32 (? - present),,,,,,,,Ambulance 32 (Josh Boyajian)
C-189,2014,Ford E-450/Wheeled Coach,,Ambulance 20 (? - present),,,,,,,No shop numbers on front doors or hood,Ambulance 20 (Josh Boyajian)
C-190,2014,Ford E-450/Wheeled Coach,,Ambulance 53 (? - present),,,,,,,,"Ambulance 53 (Dennis McGuire, Jr.)"
C-191,2014,Ford E-450/Wheeled Coach,,Ambulance 38 (? - present),,,,,,,,"Ambulance 38 (Dennis McGuire, Jr.)"
C-192,2014,Ford E-450/Wheeled Coach,,Ambulance 4 (? - present),,,,,,,,Ambulance 4 (Josh Boyajian)
C-193,2014,Ford E-450/Wheeled Coach,,Ambulance 39 (? - present),,,,,,,,
C-194,2014,Ford E-450/Wheeled Coach,,Ambulance 55 (? - present),,,,,,,,Ambulance 55 (Josh Boyajian)
C-195,2014,Ford E-450/Wheeled Coach,,Ambulance 14 (12/2014? - present),,,,,,,First seen 1/26/2015,"Ambulance 14 (Dennis McGuire, Jr.)"
C-196,2014,Ford E-450/Wheeled Coach,,Ambulance 51 (12/2014 - present),,,,,,,First seen 1/2/2015,"Ambulance 51 (Dennis McGuire, Jr.)"
C-197,2014,Ford E-450/Wheeled Coach,,Ambulance 66 (? - present),,,,,,,First seen 2/18/2015,"Ambulance 66 (Dennis McGuire, Jr.)"
C-198,2014,Ford E-450/Wheeled Coach,,Ambulance 57 (? - present),,,,,,,Seen 4/23/2015 with replacement red LED light on driver’s-side front corner of ambulance box,Ambulance 57 (Josh Boyajian)
C-199,2014,Ford E-450/Wheeled Coach,,Ambulance 24 (? - present),,,,,,,,"Ambulance 24 (Dennis McGuire, Jr.)"
C-200,2015,Ford E-450/Wheeled Coach,,Ambulance 74 (? - present),,,,,,,First seen 2/18/2015,"Ambulance 74 (Dennis McGuire, Jr.)"
C-201,2015,Ford E-450/Wheeled Coach,,Ambulance 12 (? - present),,,,,,,First seen 3/10/2015,Ambulance 12 (Josh Boyajian)
C-202,,,,,,,,,,,,
C-203,2015,Ford E-450/Wheeled Coach,,Ambulance 8 (2015 - present),,,,,,,First seen 1/5/2016,Ambulance 8 (Drew Gresik)
C-204,2015,Ford E-450/Wheeled Coach,,Ambulance 11 (? - present),,,,,,,,
C-205,,,,,,,,,,,,
C-206,,,,,,,,,,,,
C-207,,,,,,,,,,,,
C-208,,,,,,,,,,,,
C-209,,,,,,,,,,,,
C-210,,,,,,,,,,,,
C-211,2015,Ford E-450/Wheeled Coach,,Ambulance 42 (2015 - present),,,,,,,First seen 12/26/2015,Ambulance 42 (Niko Stefani)
C-212,2015,Ford E-450/Wheeled Coach,,Ambulance 62 (2016 - present),,,,,,,First seen 1/22/2016,
C-213,,,,,,,,,,,,
C-214,,,,,,,,,,,,
C-215,,,,,,,,,,,,
C-216,2016?,Ford E-450/Wheeled Coach,,Ambulance 69 (2016 - present),,,,,,,First seen 2/19/2016,Ambulance 69 (Josh Boyajian)