Shop #,Year,Make & Model,GPM/Gal/F/#,Original Assignment,Second Assignment,Third Assignment,Fourth Assignment,Fifth Assignment,Sixth Assignment,Seventh Assignment,Eighth Assignment,Notes,Image links
G-1,1886,Miller Bros/C.F. Elmes pumps,4000 GPM,Engine Co. 37 (“Geyser:” 11/29/1886 - 1890),Engine Co. 41 (“Geyser:” 12/3/1891 - 2/19/1903,Engine Co. 41 (“D.J. Swenie:” 2/19/1903 - 5/1909),Engine Co. 71 (“D.J. Swenie:” 1910 - 3/15/1922),Reserve Fireboat (8/1922 - 1927),,,,"Carried 3,950’ of 2-1/2” & 3-1/2” hose; Stripped of brass & boilers and sunk in Lake Michigan on 12/29/1927",
G-2,1898,American Fire Engine & South Chicago S.B. Co.,9000 GPM,Engine Co. 37 (“Illinois: 1/14/1899 - 4/1909),Engine Co. 58 (“Illinois:” 1910 - 1921),Engine Co. 41 (“Illinois:” 1921 - 4/16/1934),,,,,,"Illinois sunk 8/3/1908 after wall collapsed on it at 3-11 + 3 specials fire; later raised, repaired, and put back in service; condemned & junked 5/7/1937; was converted to tug boat post-CFD and used at least until 2001",
G-3,1909,I.P. Morris/Manitowoc,9000 GPM,Engine Co. 37 (“Graeme Stewart:” 4/1909 - 12/23/1932),Engine Co. 58 (“Graeme Stewart:” 12/23/1932 - 5/7/1937),,,,,,,,
G-4,1909,I.P. Morris/Manitowoc,9000 GPM,Engine Co. 41 (“Joseph Medill:”  5/1909 - 1921),Engine Co. 58 (“Joseph Medill:” 1921 - 12/23/1932),Engine Co. 37 (“Joseph Medill:” 12/23/1932 - 5/4/1937),Engine Co. 58 (“Joseph Medill:” 6/27/1938 - 3/16/1943),,,,,"Boilers condemned by federal inspectors in 1943; after this point only four firemen who operated the pumps to keep the ship from sinking were assigned to it; sold for $3,100 on 1/9/1947",
G-5,1937,Defoe Shipbuilding Co.,"10,000 GPM",Engine Co. 37 (“Fred A. Busse:” 5/4/1937 - 12/2/1949),Engine Co. 41 (“Fred A. Busse:” 1/16/1950 - 10/5/1981),,,,,,,OOS 10/5/1981 & moored with Engine 58 until ?,Engine 41 (Steve Redick) Engine 41 (Bill Friedrich) Retired Engine 41 (Midwest Fire Depts)
G-6,1949,Christie Corporation,"12,000 GPM",Engine Co. 37 (“Joseph Medill:” 12/2/1949 - at least 1997),,,,,,,,"On land in Escanaba, MI as of September 2015",Engine 37 (Gordon J. Nord) Engine 37 (Smith Bros) Engine 37 (chicagofd.org) Former Engine 37 (chicagofd.org) Former Engine 37 (chicagofd.org)
G-7,1949,Christie Corporation,"12,000 GPM",Engine Co. 58 (“Victor L Schlaeger:” 1/16/1950 - 5/5/2011),Spare fireboat (5/5/2011 - present),,,,,,,"Rebuilt 1998, OOS 2011 but still retained as spare; Code 3 Collectibles model replica (1/136 scale)",Engine 58 (Gordon J. Nord) Engine 58 (Gordon J. Nord) Engine 58 (Gordon J. Nord) Engine 58 (Smith Bros)
G-8,,,,,,,,,,,,,
G-9,,,,,,,,,,,,,
G-10,1925,Seagrave 65’ water tower,,Water Tower 2 (9/16/1925 - 12/21/1959),Reserve Water Tower (12/21/1959 - 7/2/1962),In storage (7/2/1962 - 9/6/1963),Reserve Water Tower (9/6/1963 - 11/1/1963),,,,,Last licensed by State of Illinois in 1959; reserve from 12/21/1959 - 7/2/1962; in storage at Engine 14 7/2/1962 - 9/6/1963; moved to Truck 16 as a reserve 9/6/1963; OOS 11/1/1963 but kept in storage; placed in storage at E81 8/29/1968; still maintained as parade piece by CFD,Water Tower 2 (chicagofd.org) Restored Water Tower 2 (Bill Friedrich) Water Tower 2 (Niko Stefani)
G-11,1917,Mack AB,,Truck Co. 14 (9/1917 - 11/1/1921),,,,,,,,First motorized apparatus for Truck 14,
G-12,,,,,,,,,,,,,
G-13,1922,Mack AB,,Oil Supply wagon (gas truck),Steam Thawing Unit (? - at least 2/22/1956),,,,,,,Former Oil Supply wagon (gas truck) converted to Steam Thawing Unit with boiler from scrapped steam engine and used to thaw out frozen fire apparatus; used until at least 2/22/1956,
G-14,,,,,,,,,,,,,
G-15,,,,,,,,,,,,,
G-16,1916,Mack AB/Boyd,,Engine Co. 122 Hose Wagon (7/1916 - 1/4/1921),Oil Wagon 2 (1923 - ?),,,,,,,Converted at CFD shops,
G-17,1917,White,,Truck Co. 8 (7/1917 - 11/1/1921),,,,,,,,First motorized apparatus for Truck 8,
G-18,,,,,,,,,,,,,
G-19,,,,,,,,,,,,,
G-20,,,,,,,,,,,,,
G-21,,,,,,,,,,,,,
G-22,,,,,,,,,,,,,
G-23,,,,,,,,,,,,,
G-24,1918,White,,Engine Co. 70 Hose Wagon (8/1918 - 4/30/1921),Engine Co. 41 Hose Wagon (5/1921 - 1923),Service Rig 3,,,,,,,
G-25,,,,,,,,,,,,,
G-26,1918,Mack AC/CFD,,Truck Co. 4 (1918 - 1921),High Pressure company (as second piece of Water Tower 1) (11/4/1922 - 1926),Engine Co. 58 Hose Wagon (1926 - 1928),High Pressure Wagon 6 (7/10/1928 - 10/19/1956),,,,,Shop built hose body had two deck guns salvaged from scrapped fireboats; High Pressure Wagon 6 originally followed fireboat Engine 58,
G-27,1923,Seagrave 65’ water tower,,Water Tower 1 (4/16/1923 - 4/1924),Water Tower 1 (1924 - 12/16/1928),Water Tower 3 (12/16/1928 - 9/22/1961),,,,,,Heavily damaged in Curran Hall fire of April 1924; rebuilt and returned to service; Water Tower 3 placed in storage at Engine 81 9/22/1961; stripped-down chassis & tower stored at Engine 32 for many years afterward,Water Tower 1 (chicagofd.org) Water Tower 3 (Steve Redick) Water Tower 3 during restoration (Terry Spirek)
G-28,1917,White,,Engine Co. 2 Hose Wagon (8/1917 - 10/1918),Engine Co. 43 Hose Wagon (1918 - 1919),Engine Co. 120 Hose Wagon (1920 - 3/4/1922),Messenger 2 (1923 - ?),,,,,,
G-29,1918,Ford Model T/Pirsch,,Engine Co. 82 Hose Wagon (1919 - 4/5/1923),,,,,,,,,
G-30,1918,Ford Model T/Pirsch,,Engine Co. 123 Hose Wagon (1919 - 11/30/1921),Engine Co. 90 Hose Wagon (1921 - 5/1922),Service Rig 5 (1923 - ?),,,,,,Converted at CFD shops to Service Rig 5,
G-31,1918,Ford Model T/Pirsch,,Engine Co. 38 Hose Wagon (4/1918 - 11/22/1919),Engine Co. 43 Hose Wagon 1919 - 2/20/1921),Engine Co. 80 Hose Wagon (1921 - 12/1/1927),Engine Co. 41 Hose Wagon (1926),,,,,*Conflict,
G-32,1918,Ford Model T/Pirsch,,Engine Co. 128 Hose Wagon (12/24/1919 - 6/1923),Service Rig 6,,,,,,,First apparatus for Engine 128 (located across from Roseland Pumping Station so no pumper immediately required),
G-33,1918,Ford T/Press,,Engine Co. 126 Hose Wagon (12/1/1918 - 6/30/1922),,,,,,,,,
G-34,1917,White,,Engine Co. 80 Hose Wagon (8/1917 - 1920),Engine Co. 121 Hose Wagon (1921 - 6/1923),,,,,,,First motorized apparatus for Engine 80 (concurrent with Doyle D-6),
G-35,,,,,,,,,,,,,
G-36,,,,,,,,,,,,,
G-37,,,,,,,,,,,,,
G-38,,,,,,,,,,,,,
G-39,,,,,,,,,,,,,
G-40,1927,White,,Engine Co. 40 Hose Wagon (11/1927 - 7/10/1928),High Pressure 3 (7/10/1928 - 8/14/1928),High Pressure 5 (12/22/1928? - 1/16/1950),High Pressure 4 (11/28/1950 - 5/1956),,,,,Converted to High Pressure at CFD shops; equipped with 2 deck guns and carried 2000’ of 3-1/2” hose; name change only from Engine 40 Hose Wagon to High Pressure 3,
G-41,,,,,,,,,,,,,
G-42,,,,,,,,,,,,,
G-43,1928,Seagrave 65’ water tower,,Water Tower 1 (12/16/1928? - 12/3/1959),,,,,,,,"CFD requested Seagrave build rig with pre-1925 radiator & hood design to match other water towers; Delivered with 3 turrets, 4th gun (Corrigan Pipe) added in “crow’s nest” position in 1936",
G-44,1928,International/Miller,,Ambulance 1 (11/10/1928 - 4/2/1942),,,,,,,,First vehicle for Ambulance 1; CFD ambulance program begun in November 1928 to transport injured firefighters from fire scenes and expanded in 1930 (when Loyola Medical School interns added to ambulance staff) to transport civilians injured at fires,
G-45,1928,International/Miller,,Ambulance 2 (11/10/1928 - 11/27/1931),Ambulance 2 (1/28/1932 - 2/4/1937),,,,,,,"First vehicle for Ambulance 2; Ambulance 2 OOS 2/4/1937; vehicle placed at Engine 114’s house from 2/9/1937 to 7/15/1947, when it was placed in storage at shops",
G-46,,,,,,,,,,,,,
G-47,1928,International/Miller,,Ambulance 4 (11/17/1928 - 4/19/1937),Repair Shops Delivery Truck (2/11/1948 - 8/11/1949),,,,,,,"First vehicle for Ambulance 4; Operated by Contagious Disease Hospital, Chicago Board of Health, from 5/20/1937 - 1/1/1942 & again from 1/6/1947 - 7/10/1947; junked 8/11/1949",
G-48,1928,International/Miller,,Ambulance 6 (11/24/1928 - 12/1/1942),,,,,,,,First vehicle for Ambulance 6,
G-49,1928,International/Miller,,Ambulance 5 (11/24/1928 - 11/7/1945),Ambulance 2 (11/27/1931 - (1/28/1932),,,,,,,"First vehicle for Ambulance 5; Vehicle stayed in storage (reserve) at Engine 82’s house until 8/18/1947, when it went to the shops",
G-50,,,,,,,,,,,,,
G-51,,,,,,,,,,,,,
G-52,1930,Ford A,,Shop rig,Foamite 2 / Chemical 2 (8/5/1937 - 1/14/1959),CFD clowns,,,,,,"Carried Foamite & Du-Gas, a dry powder chemical; permanently relocated to shops 1/14/1959; used by CFD clowns after retirement",
G-53,,,,,,,,,,,,,
G-54,,,,,,,,,,,,,
G-55,,,,,,,,,,,,,
G-56,1931,Ford AA,,Supply Rig,,,,,,,,Was originally D-163,
G-57,,,,,,,,,,,,,
G-58,,,,,,,,,,,,,
G-59,1923,Mack AC/CFD,,Gas Truck (7/28/1931 - at least 1948),,,,,,,,Was originally D-145,
G-60,,,,,,,,,,,,,
G-61,,,1000 GPM,Auxiliary Boat #1 “Scouter” (4/2/1942 - 11/25/1946),,,,,,,,Donated by U.S. Coast Guard; staffed by 1 CFD member & 3 Coast Guard members; crews lived aboard the deactivated Joseph Medill (G-4),
G-62,,,1000 GPM,Auxiliary Boat #2 “Sparks” (4/2/1942 - 9/11/1948),,,,,,,,Donated by U.S. Coast Guard; staffed by 1 CFD member & 3 Coast Guard members,
G-63,,,1000 GPM,Auxiliary Boat #3 (5/27/1942 - 9/11/1948),,,,,,,,Donated by U.S. Coast Guard; staffed by 1 CFD member & 3 Coast Guard members,
G-64,1942,Packard/Henny,,Ambulance 1 (4/2/1942 - 1/25/1943),Ambulance 2 (11/7/1945 - 11/2/1950),,,,,,,Donated by Bureau of Streets; delivered in Civil Defense colors; repainted CFD colors after WWII,
G-65,1942,Packard/Henny,,Civilian Defense Unit #3 (8/10/1942 - 1/8/1943),Ambulance 3 (1/8/1943 - 11/7/1945),Ambulance 5 (11/7/1945 - 1955),Ambulance 16 (1955 - ?),,,,,Donated by American Legion; delivered in Civil Defense colors as CD #3; repainted CFD colors after WWII; first vehicle for Ambulance 16,
G-66,1942,Packard/Henny,,Ambulance 6 (12/1/1942 - 3/22/1956),,,,,,,,Donated by American Legion; delivered in Civil Defense colors; repainted CFD colors after WWII,
G-67,1939_/_1940,Cadillac,,Ambulance 1 (1/25/1943 - 1953),,,,,,,,Delivered in 1943; donated by Bakery Drivers Union #734,
G-68,,,,,,,,,,,,,
G-69,1947,Mercury/Seibert,,Ambulance 3 (7/17/1947 - ?),,,,,,,,,
G-70,1947,Mercury/Seibert,,Ambulance 4 (7/26/1947 - ?),,,,,,,,,
G-71,1947,Mercury/Seibert,,Ambulance 2 (11/2/1950 - 12/1/1951),,,,,,,,,
G-72,1947,Mercury/Seibert,,Ambulance 8,,,,,,,,First vehicle for Ambulance 8; in service approx. 10 years,
G-74,1948,Mercury/Seibert,,Ambulance 10,,,,,,,,First vehicle for Ambulance 10,
G-75,,,,,,,,,,,,,
G-76,1948,Mercury/Seibert,,Ambulance 12,,,,,,,,First vehicle for Ambulance 12; Placed at Engine 118’s house 9/1/1949--Ambulance 12 not organized until 4/16/1950,
G-77,,,,,,,,,,,,,
G-78,,,,,,,,,,,,,
G-79,1948,Autocar/Cardox,4500lbs. CO2/230F,"Cardox 1 (Crash Truck 1, 6 - 5 - 1) (12/15/1948 - 4/7/1971)",,,,,,,,First crash truck purchased by CFD,
G-80,1948,Mack/Cardox,5600 lbs. CO2,Mack Cardox Crash Truck (Meigs Field) (10/10/1951 - 7/9/1957),,,,,,,,"Army surplus Mack Model 25, Type 06 crash truck, 6-wheel drive; not operated by CFD at Meigs, but serviced by repair shops",
G-81,,,,,,,,,,,,,
G-82,,,,,,,,,,,,,
G-83,,,,,,,,,,,,,
G-84,,,,,,,,,,,,,
G-85,,,,,,,,,,,,,
G-86,,,,,,,,,,,,,
G-87,,,,,,,,,,,,,
G-88,,,,,,,,,,,,,
G-89,,,,,,,,,,,,,
G-90,,,,,,,,,,,,,
G-91,,,,,,,,,,,,,
G-92,,,,,,,,,,,,,
G-93,1952?,International Metro,,Bureau of Equipment,,,,,,,,Had “G.93” markings on body; spotlight only,Bureau of Equipment (photographer unknown)
G-94,,,,,,,,,,,,,
G-95,1953,Cadillac/Miller-Meteor,,Ambulance 16 (5/25/1958? - ?),,,,,,,,First vehicle for Ambulance 16,
G-96,,,,,,,,,,,,,
G-97,,,,,,,,,,,,,
G-98,,,,,,,,,,,,,
G-99,1955,International,,Salvage Squad 5,,,,,,,,Former Civil Defense rig; never repainted to CFD colors,Salvage Squad 5 (L. Madison)
G-100,,,,,,,,,,,,,
G-101,,,,,,,,,,,,,
G-102,1943_/_1955,Sterling/Cardox,6000 lbs. CO2/500F,Crash Truck 2 (1/6/1956 - 1/23/1966),,,,,,,,"Rig spotted in used car lot on west side by Tribune reporter; CFD purchased & did modification work (liquid foam tank changed to CO2); built for military in 1943, called “Big Mo” by CFD",Crash Truck 2 (Steve Redick)
G-103,1951,International/Cardox,,Crash Wagon 2 (6 - 5 - 2) (9/5/1951 - 1/6/1956),,,,,,,,Leased rig--returned to Cardox on 5/11/1956; moved to O’Hare on 10/28/1955,
G-104,1956,Cadillac,,Ambulance 20 (1956 - 1966),,,,,,,,First vehicle for Ambulance 20,
G-105,,,,,,,,,,,,,
G-106,1956,Cadillac,,Ambulance 6,,,,,,,,,
G-107,1956,Cadillac,,Ambulance 9,,,,,,,,,
G-108,,,,,,,,,,,,,
G-109,,,,,,,,,,,,,
G-110,,,,,,,,,,,,,
G-111,,,,,,,,,,,,,
G-112,1956,Cadillac,,Ambulance 11,,,,,,,,,Ambulance 11 (Bill Friedrich)
G-113,1956,Cadillac,,Ambulance 5 (1956 - at least 8/1963),,,,,,,,,
G-114,1956,Cadillac,,Ambulance 4,,,,,,,,,
G-115,1956,International,,High Pressure 4 (5/1956 - 2/7/1960),Snorkel Squad 1 (9/12/1962 - 4/6/1968?),,,,,,,"Converted by CFD shops into Snorkel Squad 1; High Pressure 4 OOS 2/7/1960; Snorkel Squad 1 officially in service 10/1/1962; squad body by Erlinder, 50’ snorkel by Strato",Snorkel Squad 1 (Steve Redick) Snorkel Squad 1 (Steve Redick) Snorkel Squad 1 (Steve Redick)
G-116,1956,International,,High Pressure 1 (10/12/1956 - 6/20/1961),Snorkel Squad 2,,,,,,,"Had 1 turret gun as High Pressure 1; Converted by CFD shops into Snorkel Squad 2; Snorkel Squad 2 in service 1963; squad body by Erlinder, snorkel by Strato; High Pressure 1 OOS 6/20/1961",High Pressure 1 Snorkel Squad 2 (Chicago Tribune) Snorkel Squad 2 (chicagofd.org)
G-117,1956,International,,High Pressure 6 (10/19/1956 - 9/21/1961),High Pressure 5 (1959 - 4/4/1961),High Pressure 1 (5/1/1964? - 11/16/1964),,,,,,"*Conflict; High Pressure 1 OOS, again, 11/16/1964; had 2 turret guns",
G-118,1956,International,,High Pressure 2 (7/1956 - 7/2/1962),Salvage Squad 1 (7/9/1964 - ?),,,,,,,Salvage Squad 1 in reserve--by special call only,High Pressure 2 (Steve Redick)
G-119,1956,International,,High Pressure 3 (7/1956 - 3/27/1963),,Squad 4 (1966 or 1967 - ?),Salvage Squad 7 (5/15/1969? - 9/11/1969?),,,,,High Pressure 3 OOS 3/27/1963,High Pressure 3 (Steve Redick) High Pressure 3 (Steve Redick)
G-120,1957,Ford/Marmon Herrington,4000 lbs. CO2,Crash Truck 3 (6 - 5 - 3) (3/19/1957 - 7/17/1981),,,,,,,,"Served at all 3 Chicago airports (O’Hare: 3/19/1957 - 4/7/1971, Midway: 4/7/1971 - 1/31/1974, Meigs: 1/31/1974 - 7/17/1981)",Crash Truck 3 (Steve Redick) Crash Truck 3 (Bill Friedrich)
G-121,,,,,,,,,,,,,
G-122,1957,Cadillac/Miller-Meteor,,Ambulance 12,,,,,,,,,
G-123,1957,Cadillac/Miller-Meteor,,Ambulance 17,,,,,,,,First vehicle for Ambulance 17,
G-124,,,,,,,,,,,,,
G-125,1957,International/Pierce,,Light Wagon 1 (6/24/1957 - ?),Light Wagon 6,,,,,,,"Had thirty-two flood lights, large portable lights, heavy duty power tools, public address system, 25k Onan generator; Rebuilt by Pierce in 1973; still in service November 1982",Light Wagon 1 (Steve Redick) 9-1-6 (Bill Friedrich)
G-126,1957,International/Pierce,,Light Wagon 2 (6/25/1957 - 2/8/1982),,,,,,,,"Had thirty-two flood lights, large portable lights, heavy duty power tools, public address system, 25k Onan generator",
G-127,1957,International/Pierce,,Light Wagon 3 (6/26/1957 - 10/21/1974),Light Wagon 5 (9 - 1 - 5) (2/11/1982 - ?),,,,,,,"Had thirty-two flood lights, large portable lights, heavy duty power tools, public address system, 25k Onan generator; Light Wagon 3 OOS 10/21/1974; back in service & OOS again 2/8/1982?",Light Wagon 3 (Bill Friedrich) Light Wagon 3 (firemann57) 9-1-5 (Bill Friedrich)
G-128,,,,,,,,,,,,,
G-129,,,,,,,,,,,,,
G-130,1955,International/,,Civil Defense,Salvage Squad 4 (2 - 8 - 4) (10/1/1968 - ?),,,,,,,,
G-131,,,,,,,,,,,,,
G-132,,,,,,,,,,,,,
G-133,1955,International/,,Salvage Squad 6 (2 - 8 - 6) (10/1/1968 - 11/16/1971),,,,,,,,First & only apparatus for Salvage Squad 6,
G-134,,,,,,,,,,,,,
G-135,,,,,,,,,,,,,
G-136,,,,,,,,,,,,,
G-137,,,,,,,,,,,,,
G-138,1958,International delivery truck,,CFD Band Wagon,,,,,,,,,
G-139,,,,,,,,,,,,,
G-140,1948,International,,High Pressure 7 (4/27/1962 - 12/19/1963),High Pressure 7 (4/23/1964 - 5/1/1964?),Salvage Squad 1 (2 - 8 - 1)(2/17/1966 - 12/5/1966),Squad 8 (2/19/1967 - 2/8/1968),,,,,Originally a Standard Oil gas truck purchased used in 1958 for $1; converted to High Pressure rig by shops in 1962; High Pressure 7 OOS 12/19/1963; Squad 8 OOS 2/8/1968,
G-141,1958,Cadillac/Miller-Meteor,,Ambulance 18,,,,,,,,Rebuilt & repainted sometime prior to 11/1964; first ambulance with dual headlights,
G-142,,,,,,,,,,,,,
G-143,,,,,,,,,,,,,
G-144,,,,,,,,,,,,,
G-145,1958,GMC/Pitman Giraffe 50’ Snorkel,,Water Tower 4 (6 - 2 - 4) (10/14/1958 - 5/1/1959),Snorkel 1 (6 - 6 - 1) (5/1/1959 - 5/16/1965),Snorkel Squad 3 (5 - 5 - 3) (5/16/1965 - 1/27/1967),,,,,,"First snorkel, ever. Converted Park District vehicle that entered service in their green & yellow colors and ownership not transferred to CFD until 11/26/1958; returned to factory and had permanent piping installed on boom and a larger bucket added during early 1959; by at least May 1966, metal canopy over cab had been removed and emergency lights relocated to cab roof with siren & bell on front bumper; removed from service after getting stuck in snowdrift during Great Chicago Blizzard of 1967",Water Tower 4 (Steve Redick) Water Tower 4 (Steve Redick) Snorkel 1 (Steve Redick) Snorkel Squad 3 (L. Madison)
G-146,,,,,,,,,,,,,
G-147,,,,,,,,,,,,,
G-148,,,,,,,,,,,,,
G-149,,,,,,,,,,,,,
G-150,,,,,,,,,,,,,
G-151,1959,Ford/Hi-Ranger 75’ Snorkel,,Water Tower 5 (4/4/1959 - 5/1/1959),Snorkel 2 (1/1/1959 - 2/16/1969?),,,,,,,Designation changed from Water Tower 5 to Squad 2--stayed in same quarters,Snorkel 2 (Steve Redick) Snorkel 2 (Steve Redick) Snorkel 2 (Steve Redick)
G-152,1959,Ford/Hi-Ranger 75’ Snorkel,,Snorkel 3 (5/14/1959 - 9/22/1961),,,,,,,,,Snorkel 3 (J. Ziegler)
G-153,,,,,,,,,,,,,
G-154,,,,,,,,,,,,,
G-155,,,,,,,,,,,,,
G-156,1952,International/CFD,"15,000 GPM",Turret Wagon 3 “Big John” “John F. Plant” (6 - 7 - 3) (3/13/1970 - 1/25/1982?),,,,,,,,Army surplus chassis; company formed 5/12/1970?; two stang monitors; first fire was 3/18/1970 at Dixie Portland Flour Mill explosion - 1300 W. Carroll,Big John (Bill Friedrich) Big John (firemann57)
G-157,1951,GMC/CFD,"1,700 GPM",“Big Mo” (6 - 7 - 2) (7/13-14/1969 - 5/6/1977),,,,,,,,"Army surplus chassis; Painted in CD white over blue; two deluge monitors capable of 10,000 GPM",Big Mo (Bill Friedrich) Big Mo (Bill Friedrich) Big Mo (firemann57) Big Mo (firemann57)
G-158,,,,,,,,,,,,,
G-159,1946,Dodge/Pirsch,500_/_375,Chemical 4 (7/9/1957 - 9/13/1961),,,,,,,,Transferred to CFD 6/16/1959--army surplus; had two tanks of dry chemical powder,
G-160,1959,Cadillac/Miller-Meteor,,Ambulance 10,,,,,,,,,Ambulance 10 (Bill Friedrich)
G-161,,,,,,,,,,,,,
G-162,,,,,,,,,,,,,
G-163,,,,,,,,,,,,,
G-164,1959,Willys Jeep/CFD,,Jeep Pressure 1 (6 - 7 - 1) (2/2/1960 - 12/14/1961),Turret Wagon 1 (6 - 7 - 1) (12/14/1961 - 2/25/1977),,,,,,,Sat in Engine 4’s house from 2/2/1960 until staffed on 2/12/1960; part of “The Little People”,Jeep Pressure 1 (Steve Redick) 6-7-1 (Midwest Fire Depts) 6-7-1 (firemann57) 6-7-1 (firemann57)
G-165,,,,,,,,,,,,,
G-166,,,,,,,,,,,,,
G-167,1960,Ford/Strato Tower 70’ Snorkel,,Snorkel 6 (9/22/1961 - 12/29/1972),,,,,,,,First apparatus for Snorkel 6,Snorkel 6 (Steve Redick) Snorkel 6 (Bill Friedrich)
G-168,1961,Ford/Strato Tower 75’ Snorkel,,Snorkel 7 (1/11/1962 - 7/7/1970?),,,,,,,,Unit sat unassigned in Engine 112’s house starting 1/1/1962 until staffed on 1/11/1962; snorkel basket severely damaged on 7/7/1970 when wall collapsed on it—FF Jack Walsh killed; scrapped?,
G-169,1961,Ford/Hi-Ranger 85’ Snorkel,,Snorkel 4 (5/15/1961 - 7/11/1967),Snorkel 3 (1967 - 1971),,,,,,,Red roof,Snorkel 4 (pre-marking) (Steve Redick) Snorkel 4 (Steve Redick) 
G-170,1961,Ford/Hi-Ranger 80’ Snorkel,,Snorkel 5 (9/22/1961 - 10/11/1967),,,,,,,,Red roof; cab possibly singed in 1967,Snorkel 5 (Steve Redick) Snorkel 5 (Steve Redick)
G-171,1961,Willys Jeep/John Bean,,Smoke Ejector 2 (9 - 2 - 2) (10/20/1961 - ?),,,,,,,,Part of “The Little People”,Smoke Ejector 2 (Steve Redick)
G-172,1961,Willys Jeep/John Bean,,Smoke Ejector 1 (9 - 2 - 1) (9/17/1961 - ?),,,,,,,,Replaced 1922 White/CFD rig; part of “The Little People”; responded with other Smoke Ejector as one unit,Smoke Ejector 1 (Steve Redick)
G-173,,,,,,,,,,,,,
G-174,,,,,,,,,,,,,
G-175,1961,Willys Jeep/John Bean,300 gal,High Pressure Fog 1 (6 - 7 - 2) (3/27/1961 - 5/4/1962),Fog Pressure 1 (6 - 4 - 1) (5/4/1962 - 7/16/1962),Fog Pressure 5 (6 - 4 - 5) (9/11/1962 - 9/4/1963),Snorkel Squad 2A (9/4/1963 - ?),,,,,"White over red with “John Bean Fire Apparatus Lansing, Mich.” lettering on door; Snorkel Squad second piece designation not confirmed as “2A”",High Pressure Fog 1 (Steve Redick)
G-176,1961,Willys Jeep/Mars,,Light Wagon 6 (9 - 1 - 6) (7/13/1961 - 5/4/1962),Light Wagon 4 (9 - 1 - 4) (5/4/1962 - ?),,,,,,,Renumbering only from Light Wagon 6 to Light Wagon 4; part of “The Little People”,Light Wagon 1 (Steve Redick) 9-1-4 (Midwest Fire Depts)
G-177,,,,,,,,,,,,,
G-178,1961,Cadillac/Miller-Meteor,,Ambulance 7,,,,,,,,,
G-179,1961,Cadillac/Miller-Meteor,,Ambulance 1,Ambulance 22,,,,,,,First rig for Ambulance 22,Ambulance 22 (Bill Friedrich)
G-180,,,,,,,,,,,,,
G-181,,,,,,,,,,,,,
G-182,1961,Buehler Turbocraft,700 GPM,Jet Boat 1 (6 - 8 - 1) (1961 - 5/19/1974),Sea Rescue Boat 1 (6 - 8 - 1)(5/19/1974 - 1978),,,,,,,Patrolled Chicago River branches; manned by 3 SCUBA divers,
G-183,1961,Buehler Turbocraft,1400 GPM,Jet Boat 2 (6 - 8 - 2) (1961 - 5/19/1974),Sea Rescue Boat 2 (6 - 8 - 2)(5/19/1974 - 1978),,,,,,,Patrolled Lake Calumet & Calumet River 1961-1967; Patrolled Lake Michigan 1968 - 1978,
G-184,1962,Buehler Turbocraft,1400 GPM,Jet Boat 3 (6 - 8 - 3) (1962 - 3//30/1967),,,,,,,,Patrolled Lake Michigan,
G-185,1962,Buehler Turbocraft,1400 GPM,Jet Boat 4 (6 - 8 - 4) (1962 - 5/19/1974),Sea Rescue Boat 4 (6 - 8 - 4)(5/19/1974 - 1978),,,,,,,Patrolled Lake Michigan,
G-186,,,,,,,,,,,,,
G-187,,,,,,,,,,,,,
G-188,1950_/_1961,Progress (tanker trailer),500_/_4000,Chemical 5 (1/2/1962 - 9/23/1968),,,,,,,,Also carried additional foam in 5-gallon cans; pulled by E-96,Airport Tanker 1 (Steve Redick)
G-189,,,,,,,,,,,,,
G-190,,,,,,,,,,,,,
G-191,,,,,,,,,,,,,
G-192,,,,,,,,,,,,,
G-193,,,,,,,,,,,,,
G-194,,,,,,,,,,,,,
G-195,,,,,,,,,,,,,
G-196,1962,Willys Jeep FC150 4x4/CFD,,Turret Wagon 2 (6 - 7 - 2) (9/19/1966 - 10/22/1967),,,,,,,,"Had 2 turret guns capable of 4,000 GPM",
G-197,1962,Willys Jeep FC150 4x4/CFD,4000 GPM,"Turret Wagon 4 (“Little John,” 6 - 7 - 4) (3/22/1971 - 11/30/1975)",,,,,,,,Had 2 turret guns; guns removed & sold to private party,6-7-4 (Greg Reynolds)
G-198,,,,,,,,,,,,,
G-199,,,,,,,,,,,,,
G-200,1963,Cadillac/Miller-Meteor,,Ambulance 11,,,,,,,,,
G-201,,,,,,,,,,,,,
G-202,,,,,,,,,,,,,
G-203,,,,,,,,,,,,,
G-204,,,,,,,,,,,,,
G-205,,,,,,,,,,,,,
G-206,,,,,,,,,,,,,
G-207,,,,,,,,,,,,,
G-208,,,,,,,,,,,,,
G-209,,,,,,,,,,,,,
G-210,,,,,,,,,,,,,
G-211,,,,,,,,,,,,,
G-212,,,,,,,,,,,,,
G-213,,,,,,,,,,,,,
G-214,,,,,,,,,,,,,
G-215,,,,,,,,,,,,,
G-216,,,,,,,,,,,,,
G-217,,,,,,,,,,,,,
G-218,1965,Cadillac/Miller-Meteor,,Ambulance 5,,,,,,,,,
G-219,,,,,,,,,,,,,
G-220,,,,,,,,,,,,,
G-221,,,,,,,,,,,,,
G-222,,,,,,,,,,,,,
G-223,1965,Chevrolet pickup ,,Scuba Team 6 - 8 - 7,,,,,,,,,
G-224,,,,,,,,,,,,,
G-225,,,,,,,,,,,,,
G-226,,,,,,,,,,,,,
G-227,,,,,,,,,,,,,
G-228,,,,,,,,,,,,,
G-229,,,,,,,,,,,,,
G-230,,,,,,,,,,,,,
G-231,,,,,,,,,,,,,
G-232,,,,,,,,,,,,,
G-233,1966,Ford/Wollard,300lbs. Purple K dry powder,Mobile Stairway/Chemical 1 (? - 10/25/1981),,,,,,,,Originally at O’Hare; spent 3/18/1981 - 10/25/1981 at Midway; moved to storage as reserve at Engine 34’s house 10/25/1981,
G-234,,,,,,,,,,,,,
G-235,,,,,,,,,,,,,
G-236,,,,,,,,,,,,,
G-237,,,,,,,,,,,,,
G-238,,,,,,,,,,,,,
G-239,,,,,,,,,,,,,
G-240,,,,,,,,,,,,,
G-241,1966,Cadillac/Miller-Meteor,,Ambulance 20,,,,,,,,,
G-242,,,,,,,,,,,,,
G-243,,,,,,,,,,,,,
G-244,1966,International/Pierce/Pittman 75’ Snorkel,,Snorkel 4 (7/11/1967 - 3/9/1970),Reserve Snorkel 1?,,,,,,,1000 GPM pump added in 1972,RS1 (chicagofd.org)
G-245,1966,Mack MB/Pierce 55’ Snorkel,,Snorkel Squad 1 (4/6/1968 - 1/15/1976),Reserve Snorkel 1,,,,,,,Snorkel added in 1968; given to Streets & Sanitation after life at CFD & painted blue; used at ORD or MDW as deicer?; for sale by Erickson’s Trucks n Parts 10/2012,Snorkel Squad 1 (pre-markings) (chicagofd.org) Snorkel Squad 1 (pre-markings) (chicagofd.org) Snorkel Squad 1 (Midwest Fire Depts) Snorkel Squad 1 (firemann57) Snorkel Squad 1 (firemann57) Reserve Snorkel 1 (Bill Friedrich) Reserve Snorkel 1 (Bill Friedrich)
G-246,,,,,,,,,,,,,
G-247,,,,,,,,,,,,,
G-248,1953,IHC M61 5-ton/CFD,,Turret Wagon 2 (6 - 7 - 2 “Big Mo”) (10/22/1967 - ?),,,,,,,,"Two deluge monitors capable of 10,000 GPM",6-7-2 (chicagofd.ord)
G-249,1967,Clark/Cortez,,Command Van 4 - 2 - 4 (11/14/1967 - 11/6/1975),,,,,,,,First command van for CFD,4-2-4 (chicagofd.org) 4-2-4 (firemann57) 4-2-4 (firemann57)
G-250,,,,,,,,,,,,,
G-251,,,,,,,,,,,,,
G-252,,,,,,,,,,,,,
G-253,,,,,,,,,,,,,
G-254,,,,,,,,,,,,,
G-255,,,,,,,,,,,,,
G-256,,,,,,,,,,,,,
G-257,1967,Cadillac/Miller-Meteor,,Ambulance 23,,,,,,,,,
G-258,,,,,,,,,,,,,
G-259,,,,,,,,,,,,,
G-260,,,,,,,,,,,,,
G-261,1968,Dodge Duravan,,Salvage Squad 7 (6/19/1970? - 11/15/1971?),,,,,,,,,
G-262,1968,Dodge Duravan,,Salvage Squad 3 (2 - 8 - 3) (10/1/1968 - ?),,,,,,,,First vehicle for Salvage Squad 3,
G-263,,,,,,,,,,,,,
G-264,,,,,,,,,,,,,
G-265,,,,,,,,,,,,,
G-266,,,,,,,,,,,,,
G-267,,,,,,,,,,,,,
G-268,1969,Yankee/Walter,1000/3000/500F,Crash Truck 2 (6 - 5 - 2) (10/16/1969 - ?),,,,,,,,,
G-269,,,,,,,,,,,,,
G-270,,,,,,,,,,,,,
G-271,,,,,,,,,,,,,
G-272,1969,Cadillac/Miller-Meteor,,Ambulance 14,,,,,,,,,
G-273,,,,,,,,,,,,,
G-274,1970,Pontiac/Superior,,Ambulance 35,,,,,,,,First vehicle for Ambulance 35; part of Model Cities program begun on 7/7/1970 and painted white with red & gold lettering,Ambulance 35 (Greg Reynolds)
G-275,1970,Pontiac/Superior,,Ambulance 34,,,,,,,,First vehicle for Ambulance 34; part of Model Cities program begun on 7/7/1970 and painted white with red & gold lettering,
G-276,1970,Pontiac/Superior,,Ambulance 36 (1970 - 1974),,,,,,,,First vehicle for Ambulance 36; part of Model Cities program begun on 7/7/1970 and painted white with red & gold lettering,
G-277,,,,,,,,,,,,,
G-278,,,,,,,,,,,,,
G-279,,,,,,,,,,,,,
G-280,,,,,,,,,,,,,
G-281,,,,,,,,,,,,,
G-282,,,,,,,,,,,,,
G-283,1970,Ford Econoline,,Ambulance 31,,,,,,,,First vehicle for Ambulance 31; part of Model Cities program begun on 7/7/1970 and painted white with red & gold lettering,
G-284,1970,Ford Econoline,,Ambulance 32,,,,,,,,First vehicle for Ambulance 32; part of Model Cities program begun on 7/7/1970 and painted white with red & gold lettering,
G-285,1970,Cadillac/Miller-Meteor,,Ambulance 15,,,,,,,,,
G-286,,,,,,,,,,,,,
G-287,,,,,,,,,,,,,
G-288,1971,Ford C/Pierce 55’ Snorkel,1000_/_500,Snorkel 3 (1971 - 12/29/1972),Snorkel 6 (12/29/1972 - 3/15/1979),Spare snorkel (3/15/1979 - ?),,,,,,,Snorkel 3 (chicagofd.org) Snorkel 6 (firemann57) Spare snorkel (Midwest Fire Depts)
G-289,,,,,,,,,,,,,
G-290,,,,,,,,,,,,,
G-291,,,,,,,,,,,,,
G-292,,,,,,,,,,,,,
G-293,1960?,Dodge pickup,,Scuba Team 6 - 8 - 7,,,,,,,,Also towed boat trailer,
G-294,,,,,,,,,,,,,
G-295,,,,,,,,,,,,,
G-296,,,,,,,,,,,,,
G-297,1972,Cadillac/Miller-Meteor,,Ambulance 11,,,,,,,,,
G-298,,,,,,,,,,,,,
G-299,1972,Cadillac/Miller-Meteor,,Ambulance 3 (1973 - 1976),,,,,,,,,Ambulance 3 (Bill Friedrich)
G-300,,,,,,,,,,,,,
G-301,1972,Oshkosh/Pierce 75’ Snorkel,,Snorkel 3 (12/29/1972? - 1974?),Spare snorkel (1974? - 3/1979),Snorkel 6 (3/1979 - ?),,,,,,Unconfirmed shop number; damaged at Levey Division fire (5-11 + 5 specials) in May of 1973,
G-302,1972,Oshkosh M-1000,1000/130F/1000DC,Crash Truck 6 (6 - 5 - 6) (5/31/1972 - 9/24/1972),,,,,,,,"Tipped over 9/24/1972 & stored at Crash Station 1, OOS. Remained there and stripped for parts.",
G-303,1972,Oshkosh M-1000,1000/130F/1000DC,Crash Truck 7 (6 - 5 - 7) (5/31/1972 - at least 10/1985),Crash Truck 10 (6 - 5 - 10),,,,,,,6-5-10 at Meigs Field in 1990s,
G-304,,,,,,,,,,,,,
G-305,,,,,,,,,,,,,
G-306,1970_/_1972,Mack/Platt,,Flying Manpower Squad 1 (5 - 1 - 1) (4/6/1973 - 6/14/1980),Spare squad,Hazardous Incident Team (5 - 1 - 1) (10/1/1985 - 1990),Spare hazmat,,,,,FMS-1 OOS 6/14/1980; Rebuilt by CFD shops as first Hazmat rig; had first mobile computer in CFD vehicle,Flying Squad 1 (firemann57) Flying Squad 1 (Bill Friedrich) Hazmat 5-1-1 (Bill Friedrich) Hazmat spare (Smith Bros)
G-307,1970_/_1972,Mack/Platt,,Flying Manpower Squad 2 (10/5/1973 - 10/3/1980),,,,,,,,FMS-2 OOS 10/3/1980,Flying Squad 2 (firemann57) Flying Squad 2 (Midwest Fire Depts) Flying Squad 2 (Bill Friedrich) Flying Squad 2 (Bill Friedrich) Flying Squad 2 OOS (chicagofd.org)
G-308,1970_/_1972,Mack/Platt,,Flying Manpower Squad 5 (11/1973 - 10/3/1980),,,,,,,,FMS-5 OOS 10/3/1980,Flying Squad 5 (Bill Friedrich) Flying Squad 5 (firemann57) Squad 5 (Bill Friedrich)
G-309,1970_/_1972,Mack/Platt,,Flying Manpower Squad 4 (? - 10/3/1980),,,,,,,,FMS-4 OOS 10/3/1980; was part of the Bomb Squad,Flying Squad 4 (chicagofd.org) Flying Squad 4 (firemann57)
G-310,1970_/_1972,Mack/Platt,,Flying Manpower Squad 3 (? - 10/6/1980),,,,,,,,FMS-3 OOS 10/6/1980,Flying Squad 3 (firemann57) Flying Squad 3 (Bill Friedrich) Flying Squad 3 - dates don't match (Gordon J. Nord)
G-311,1970_/_1972,Mack/Platt,,Flying Manpower Squad 7 (11/16/1971 - 6/14/1980),,,,,,,,FMS-7 OOS 6/14/1980,Flying Squad 7 (Midwest Fire Depts) Flying Squad 7 (Bill Friedrich) Flying Squad 7 (firemann57)
G-312,1966_/_1972,Mack/Platt,,Flying Manpower Squad 6 (7/27/1973 - 10/6/1980),Squad 4 (9/2/1982 - 9/19/1983),Squad 2?,,,,,,"FMS-6 OOS 10/6/1980; Squad 4 OOS 9/19/1983, shortest life of squad in CFD; rig rebuilt prior to Squad 4 assignment; possibly at Squad 2 in August 1985",Flying Squad 6 (Midwest Fire Depts) Flying Squad 6 (Bill Friedrich) Squad 6 (Bill Friedrich) Squad 4 (Bill Friedrich)
G-313,,,,,,,,,,,,,
G-314,1953_/_1972,American LaFrance/Marmon Herrington O-10,1000_/_1000,Crash Truck 8 (9/6/1972 - 9/7/1980),,,,,,,,Former U.S. Air Force rig from Civil Defense,
G-315,,,,,,,,,,,,,
G-316,1972,Oshkosh/Pierce 75’ Snorkel,,Snorkel 3 (1972 - 5/27/1973),Reserve Snorkel (? - 3/15/1979),Snorkel 6 (3/15/1979 - 5/25/1981),Snorkel 3 (5/25/1981 - ?),,,,,Damaged in Cities Service Levy Ink Division fire on 5/27/1973; Snorkel 6 was renumbered to Snorkel 3; in service at least until July 1982,
G-317,1972,Leichtscham Germany,,6 - 2 - 6A Foam Trailer,,,,,,,,Pulled by D-321; nicknamed “Bubble Machine”,6-2-6 & 6-2-6A (Midwest Fire Depts)
G-318,,,,,,,,,,,,,
G-319,,,,,,,,,,,,,
G-320,1973,Oshkosh M-1000,1000/130F/1000DC,Crash Truck 1 (6 - 5 - 1) (4/26/1973 - at least 8/1981),Crash Truck 12 (6 - 5 - 12),,,,,,,,
G-321,1963_/_1973,Yankee/Walter,1000_/_500,Crash Truck 9 (6 - 5 - 9) (6/21/1973 - 1/23/1981),,,,,,,,Former Cincinnati FD rig painted yellow--a CFD first,
G-322,,,,,,,,,,,,,
G-323,1973,Cadillac/Miller-Meteor,,Ambulance 1 (1973 - 7/22/1974),,,,,,,,Ambulance 1 OOS 7/22/1974 & replaced with Ambulance 41--the first paramedic ambulance in CFD,Ambulance 1 (Bill Friedrich)
G-324,,,,,,,,,,,,,
G-325,,,,,,,,,,,,,
G-326,,,,,,,,,,,,,
G-327,,,,,,,,,,,,,
G-328,,,,,,,,,,,,,
G-329,1973,Dodge cargo van,,Bomb Squad (5 - 4 - 1) (6/8/1976 - 1/10/1979),,,,,,,,Pulled bomb trailer; transferred to CPD on 1/10/1979; conflict of start & end dates of 1/30/1974 - 10/20/1975,5-4-1 (chicagofd.org)
G-330,1973,Oshkosh,1000_/_1500/1000 lbs. Purple K/130F,Crash Truck 2 (6 - 5 - 2) (1/31/1974 - ?),,,,,,,,,
G-331,,,,,,,,,,,,,
G-332,,,,,,,,,,,,,
G-333,,,,,,,,,,,,,
G-334,,,,,,,,,,,,,
G-335,,,,,,,,,,,,,
G-336,,,,,,,,,,,,,
G-337,1974,Oshkosh/Pierce/Pittman 75’ Snorkel,1250_/_500,Snorkel 5 (6 - 6 - 5) (1974 - 5/25/1981),Snorkel 1 (6 - 6 - 1) (5/25/1981 - 3/16/1983),Snorkel 4 (3/16/1983 - 9/20/1983),Squad 1A (5-5-1A) (9/20/1983 - 4/3/1987),,,,,Snorkel 5 renumbered to Snorkel 1; was assigned to Squad 1A on either 9/19 or 9/20; 2-piece squad companies put into service in September 1983,Snorkel 5 (Steve Redick) Snorkel 5 (Midwest Fire Depts) Snorkel 5 (firemann57) Snorkel 1 (chicagofd.org) Snorkel 1 (columind99)
G-338,1974,Oshkosh/Pierce/Pittman 75’ Snorkel,1250_/_500,Snorkel 4 (6/29/1974 - 5/25/1981),Snorkel 2 (5/25/1981 - 9/19/1983),Squad 2A (9/19/1983 - 4/6/1987),,,,,,Snorkel 4 renumbered Snorkel 2; other record notes 11/12/1980 as end date for G-338 as Snorkel 4,Snorkel 2 (Bill Friedrich)
G-339,1974,Oshkosh/Pierce/Pittman 75’ Snorkel,,Snorkel 3 (1974 - 5/25/1981),Snorkel 5 (5/25/1981 - 9/2/1982),Snorkel 6 (9/2/1982 - 9/19/1983),Squad 6A (9/19/1983 - 12/18/1987),Squad 5A (12/18/1987 - ?),,,,Snorkel 3 renumbered to Snorkel 5 and renumbered again to Snorkel 6; Squad 6A renumbered to Squad 5A,Snorkel 3 (Bill Friedrich) Snorkel 3 (chicagofd.org) Snorkel 6 (Bill Friedrich)
G-340,,,,,,,,,,,,,
G-341,,,,,,,,,,,,,
G-342,,,,,,,,,,,,,
G-343,1974,Walter,1500_/_3000,,Crash Truck 10 (6 - 5 - 10) (at least 8/1981 - at least 10/1985),,,,,,,,
G-344,1974,Chevrolet Cheyenne Camper Special/Horton,,Ambulance 41 (7/22/1974 - ?),,,,,,,,Had Twinsonic lightbar; first paramedic ambulance in CFD; painted white with orange stripe,
G-345,,,,,,,,,,,,,
G-346,1974,Chevrolet Cheyenne/Rev,,,,,,,,,,"Had Mars lightbar, no siren on bar; third modular ambulance purchased",
G-347,,,,,,,,,,,,,
G-348,,,,,,,,,,,,,
G-349,,,,,,,,,,,,,
G-350,,,,,,,,,,,,,
G-351,1974,Chevrolet Cheyenne/Springfield,,Ambulance 36 (1974 - ?),,,,,,,,,
G-352,,,,,,,,,,,,,
G-353,,,,,,,,,,,,,
G-354,1974,Chevrolet Cheyenne/Springfield,,Ambulance 44,,,,,,,,Had warning lights in grille,
G-355,1974,Ford C8000/Pierce,300 GPM,Snorkel Squad 1A (11/11/1974 - ?),,,,,,,,,Snorkel Squad 1A (Midwest Fire Depts) Snorkel Squad 1A (Bill Friedrich) Snorkel Squad 1A (columind99)
G-356,,,,,,,,,,,,,
G-357,,,,,,,,,,,,,
G-358,,,,,,,,,,,,,
G-359,,,,,,,,,,,,,
G-360,,,,,,,,,,,,,
G-361,,,,,,,,,,,,,
G-362,,,,,,,,,,,,,
G-363,1974,Ford Stepvan/ Boyertown,,Scuba Team 6 - 8 - 7,,,,,,,,One of these possibly became shops 7 - 6 - 5,6-8-7 (chicagofd.org)
G-364,1975,Ford Stepvan/Boyertown,,Air Mask 7 - 8 - 1,Command Van 2 - 7 - 2 (? - at least 5/1985),,,,,,,,2-7-2 (Bill Friedrich)
G-365,1975,Ford Stepvan/Boyertown,,Air Mask 7 - 8 - 2,Command Van 3?,,,,,,,Unconfirmed 2-7-3,7-8-2 (Tim Vermande) 7-8-2 (firemann57) 7-8-2 (mbernero) 2-7-3 (Bill Friedrich)
G-366,1975,Mack MB 600/CFD,"20,000 GPM",Turret Wagon 5 (6 - 7 - 5) (12/27/1976 - ?),Turret Wagon 1 (6 - 7 - 1) (8/21/1982 - 8/16/2011) (1/23/2013 - 2015),,,,,,,"Two Stang guns capable of 20,000 GPM;  suffered heat damage to driver’s side on 10/11/1980 at 5-11 at 35th & Iron; 6 - 7 - 1 OOS 8/16/2011; returned to service at 5-11 + 2 specials cleanup at 38th & Ashland on 1/23/2013; still in service 6/14/2014; seen in fleet lot on 7/19/2015, but with markings removed; oldest CFD vehicle to be equipped with modern shop lettering; sold at auction 2/12/2016 (with emergency lights and piping mostly intact)",6-7-5 (Midwest Fire Depts) 6-7-5 (Bill Friedrich) 6-7-1 (mbernero) 6-7-1 (Karl Klotz) 6-7-1 (Josh Boyajian) 6-7-1 with heat damage (Al Whitlock) 6-7-1 (Gordon J. Nord)
G-367,,,,,,,,,,,,,
G-368,,,,,,,,,,,,,
G-369,,,,,,,,,,,,,
G-370,1975,Chevrolet Cheyenne/Able,,Ambulance 39,,,,,,,,First vehicle for Ambulance 39; dual Mars 888s & siren on lightbar,
G-371,1975,Chevrolet Cheyenne/Able,,Smoke Ejector 2 (9 - 2 - 2),,,,,,,,Chassis sold at auction 10/30/2004; body remounted on G-537,9-2-2 (Bill Friedrich) 9-2-2 (Bill Friedrich)
G-372,1975,Chevrolet Cheyenne/Able,,Smoke Ejector 1 (9 - 2 - 1),,,,,,,,Chassis sold at auction 10/30/2004; body remounted on G-538,9-2-1 (Midwest Fire Depts) 9-2-1 (Bill Friedrich) 9-2-1 (Bill Friedrich) 9-2-1 (chicagofd.org)
G-373,1975,Chevrolet Cheyenne/CFD,4000 GPM,Turret Wagon 4 (6 - 7 - 4) (11/30/1975 - 8/27/1980),,,,,,,,Had 2 Eastman turret guns capable of 4000 GPM; destroyed by falling walls at 2-11 alarm 8/27/1980 at 35th & Iron,6-7-4 (Midwest Fire Depts) 6-7-4 (Bill Friedrich)
G-374,1975,Chevrolet Cheyenne C20/CFD,4000 GPM,Turret Wagon 1 (6 - 7 - 1) (6/20/1978 - 2/1982),Turret Wagon 5 (6 - 7 - 5) (2/8/1982 - 1/21/1983),Turret Wagon 6 (6 - 7 - 6) (1/21/1983 - 5/2013),,,,,,Has 2 Eastman turret guns capable of 4000 GPM; renumbering reflected new division it was assigned to; apparently still in auction yard as of 2/2016,6-7-1 (Bill Friedrich) 6-7-6 (Gordon J. Nord) 6-7-6 (Gordon J. Nord) 6-7-6 (Bill Friedrich)
G-375,,,,,,,,,,,,,
G-376,1975,GMC/,,6 - 2 - ?,,,,,,,,Dry chemical unit; retained MARS lightbar until end; sold at auction 3/20/2004,6-2-5 (firemann57) 6-2-5 (firemann57)
G-377,,,,,,,,,,,,,
G-378,,,,,,,,,,,,,
G-379,,,,,,,,,,,,,
G-380,,,,,,,,,,,,,
G-381,1975,Ford C8000/Able,,Hose Wagon 1 (6 - 1 - 1) (8/16/1976 - 4/24/2007),,,,,,,,Alternate start listed as 7/1976; Retained MARS lights; Sold at auction 11/1/2007,6-1-1 (mbernero) 6-1-1 (Gordon J. Nord) 6-1-1 (Gordon J. Nord)
G-382,1955,Flxible Twin Coach,,Communications Van 4 - 2 - 4 (10/21/1975 - 12/16/1983),Communications Van 2 - 7 - 1 (12/16/1983 - ?),,,,,,,Delivered 9/15/1975--former CTA bus,4-2-4 (Bill Friedrich) 4-2-4 (Bill Friedrich) 2-7-1 (Gordon J. Nord)
G-383,,,,,,,,,,,,,
G-384,,,,,,,,,,,,,
G-385,,,,,,,,,,,,,
G-386,,,,,,,,,,,,,
G-387,1975,Hendrickson/Pierce 55’ Snorkel,,Snorkel Squad 1 (1/15/1976 - 10/3/1980),Snorkel 4 (4/21/1981 - at least 9/2/1982),Snorkel 5 (9/2/1982 - 9/19/1983),Reserve snorkel (9/19/1983 - late 1986),Squad 1 (Late 1986 - 4/3/1987),Squad 5 (4/3/1987 - 11/21/1988),Reserve Snorkel (11/21/1988 - 9/11/1989),Squad 5 (9/12/1989 - 12/28/1996 or early 1997),"First rig with roof mounted, rotating green light?; SS1 OOS 10/3/1980; Some minor refurb before assigned to Snorkel 4; Snorkel 4 renumbered to Snorkel 5; in service with various 2-piece squads from 1987 until assigned to Squad 5 after G-484 accident; underwent refurbishment by 3D prior to late 1986?; OOS for major body work from late 1994 to early 1995, and returned to Squad 5; found at Erickson’s Trucks-n-parts in 2013, sans cab",Snorkel Squad 1 (Midwest Fire Depts) Snorkel Squad 1 (firemann57) Snorkel Squad 1 (Bill Friedrich) Snorkel Squad 1 (Bill Friedrich) Snorkel 4 (Bill Friedrich) Squad 1 (Bill Friedrich) Squad 5 (Bill Friedrich) Squad 5 (Bill Friedrich) Squad 5 (Smith Bros) Squad 5 (chicagofd.org) Squad 5 (columind99) Sans cab (Kyle Svoboda)
G-388,,,,,,,,,,,,,
G-389,,,,,,,,,,,,,
G-390,,,,,,,,,,,,,
G-391,1976?,GMC Step Van,,,Shops van,,,,,,,,
G-392,,,,,,,,,,,,,
G-393,,,,,,,,,,,,,
G-394,1976,Chevrolet C30/Pierce,,Ambulance 6 (at least  7/1976 - ?),,,,,,,,,
G-395,,,,,,,,,,,,,
G-396,,,,,,,,,,,,,
G-397,,,,,,,,,,,,,
G-398,,,,,,,,,,,,7-2-3 was a 1977 Ford C / Progress fuel truck. There were also the two aging 1966 IHC cabovers with tandem rear axle and 3500 gallon capacity (North and South side) and another two 1975 Mack MB 2000 gallon rigs (7-2-1 and 7-2-2). In 1982 were purchased another two Ford C / Progress fuel trucks that replaced the 1975 Mack MB rigs. 7-2-3 was replaced around 1992 with a Ford Cargo / Press Tank 2000 gallon fuel truck.,
G-399,,,,,,,,,,,,,
G-400,,,,,,,,,,,,,
G-401,,,,,,,,,,,,,
G-402,1977,Ford C8000/Able/3D,,9 - 1 - 1 Light Wagon (12/2/1978 - 7/11/2008),,,,,,,,Retained MARS lights (siren replaced); 9-1-1 OOS 7/11/2008 ; Sold at auction 4/7/2009,9-1-1 (mbernero) 9-1-1 (columind99) 9-1-1 (Gordon J. Nord) 9-1-1 (Karl Klotz) 9-1-1 (Smith Bros) 9-1-1 (Gordon J. Nord) 9-1-1 (Gordon J. Nord) 9-1-1 (Gordon J. Nord) Former 9-1-1 (Mark Sikorski)
G-403,,,,,,,,,,,,,
G-404,,,,,,,,,,,,,
G-405,,,,,,,,,,,,,
G-406,,,,,,,,,,,,,
G-407,1977?,Chevrolet Cheyenne/?,,Ambulance 46 or 48,Spare ambulance,,,,,,,"Green light added to passenger side front of ambulance box; destroyed in accident, mid or late 1980s",
G-408,,,,,,,,,,,,,
G-409,,,,,,,,,,,,,
G-410,,,,,,,,,,,,,
G-411,,,,,,,,,,,,,
G-412,,,,,,,,,,,,,
G-413,,,,,,,,,,,,,
G-414,,,,,,,,,,,,,
G-415,,,,,,,,,,,,,
G-416,,,,,,,,,,,,,
G-417,,,,,,,,,,,,,
G-418,1979,Chevrolet stepvan,,4 - 7 - 5 Emergency Preparedness and Disaster Services (EPDS),,,,,,,,Used as Haz-Mat unit prior to formation of 5-1-1 HIT,4-7-5 (Bill Friedrich)
G-419,1977,Chevrolet C30/Ansul,,6 - 3 - 2 (? - at least 8/1981),,,,,,,,At O’Hare Airport,
G-420,1978,Ford C8000 Box Truck,,5 - 6 - 6 Special Operations Box Truck,,,,,,,,Has red & green Federal TwinSonic; previously 511A?; last Ford C in service; still in service as of 11/10/2013,5-1-1A (Steve Redick) 5-1-1A (Steve Redick) 5-1-1A (Bill Friedrich) 5-6-6 (Hank Sajovic)
G-421,,,,,,,,,,,,,
G-422,,,,,,,,,,,,,
G-423,,,,,,,,,,,,,
G-424,1973,Ford P600/Marion,,Overland Critical Care Unit (8 - 1 - 2) (9/1978 - 1999),,,,,,,,,8-1-2 (Bill Friedrich)
G-425,,,,,,,,,,,,,
G-426,,,,,,,,,,,,,
G-427,,,,,,,,,,,,,
G-428,,,,,,,,,,,,,
G-429,,,,,,,,,,,,,
G-430,,,,,,,,,,,,,
G-431,,,,,,,,,,,,,
G-432,,,,,,,,,,,,,
G-433,,,,,,,,,,,,,
G-434,1979,GMC/,,Light Wagon 4 (9 - 1 - 4) (? - at least 8/1982),Light Wagon 5 (9 - 1 - 5) (at least 11/1982 - 2005),,,,,,,Also listed on roster as a Chevrolet C30/E-One; retrofitted with Vision lighter & 1992-era rear beacons; Cab & chassis sold at auction 7/2/2007,9-1-5 (Bill Friedrich) 9-1-5 (Gordon J. Nord)
G-435,1979,GMC/,,,,,,,,,,Cab & chassis sold at auction 6/27/2007 - possibly 9 - 1 - 3,9-1-3 (Bill Friedrich) 9-1-3 (Bill Friedrich)
G-436,,,,,,,,,,,,,
G-437,,,,,,,,,,,,,
G-438,,,,,,,,,,,,,
G-439,1979,Chevrolet C30/E-One,250_/_250,Crash 1 (1 - 5 - 1) (at least 8/1981 - at least 10/1985),,,,,,,,O’Hare airport,
G-440,1979,Chevrolet C30/E-One,250_/_250,Crash 3 (1 - 5 - 3)(1979? - at least 8/1981),Squad 7 (? - at least 10/1985),,,,,,,O’Hare airport,
G-441,,,,,,,,,,,,,
G-442,,,,,,,,,,,,,
G-443,,,,,,,,,,,,,
G-444,1979,Ford/3D Metals,,Squad 1 (10/3/1980 - 6/3/1986),,,,,,,,,Squad 1 (Bill Friedrich) Squad 1 (Bill Friedrich) Squad 1 (columind99) Squad 1 (mbernero)
G-445,1979,Ford/3D Metals,,Squad 2 (10/6/1980 - 9/27/1984),,,,,,,,,Squad 2 (Bill Friedrich) Squad 2 (Bill Friedrich) Squad 2 (Bill Friedrich) Squad 2 (Gordon J. Nord) Squad 2 (firemann57) Squad 2 (firemann57)
G-446,1979,Ford/3D Metals,,Squad 3 (10/6/1980 - 9/19/1983),Squad 6 (9/21/1983 - 8/3/1985),,,,,,,Squad 3 OOS 9/19/1983,Squad 3 (Midwest Fire Depts) Squad 3 (chicagofd.org)
G-447,1979,Ford/3D Metals,,Squad 4 (10/1980? - at least 8/1982),Squad 5 (9/2/1982 - 9/19/1983),Squad 6 (8/30/1985 - 9/23/1985),Squad 1 (6/3/1986 - 4/3/1987),Squad 5 (? - 11/21/1988),,,,,Squad 4 (Bill Friedrich) Squad 4 (columind99) Squad 5 (Bill Friedrich)
G-448,,,,,,,,,,,,,
G-449,1979,Ford F-series/Wollard,200# Purple K,Staircase 6 - 3 - 5 (1979? - ?),,,,,,,,O’Hare airport; Photographed 8/1981; unconfirmed shop#,6-3-5 (Midwest Fire Depts)
G-450,1980,Ford F-series/Wollard,200# Purple K,Staircase 6 - 3 - 4 (1980? - ?),,,,,,,,O’Hare airport; Photographed 8/1981,6-3-4 (Midwest Fire Depts)
G-451,1980,Oshkosh T-6,1500/1585/205LW,Crash Truck 4 (6 - 5 - 4) (12/19/1980 - 3/15/1997),Crash Truck 9 (6 - 5 - 9) (11/19/2008 - ?),,,,,,,,6-5-4 (Bill Friedrich)
G-452,1980,Oshkosh T-12,1500/3170/410LW,Crash Truck 5 (6 - 5 - 5) (12/19/1980 - 12/19/1980),Crash Truck 6 (6 - 5 - 6) (12/19/1980 - ?),,,,,,,Originally numbered for 6-5-5 but actually assigned to 6-5-6 from start,6-5-6 (Bill Friedrich)
G-453,1980,GMC 7000/E-One,250/500/15F/300#PK,6 - 3 - 6 Chemical 6 (7/17/1981 - ?),,,,,,,,Had Meigs Field markings on cab doors; Moved to O’Hare after closure of Meigs; became stationary pumper for training exercises (no brakes); Sold at auction 5/2/2012,6-3-6 (Bill Friedrich) 6-3-6 (Smith Bros)
G-454,1980,GMC 7000/E-One,250/500/15F/300#PK,Chemical 7 (6 - 3 - 7) (5/29/1981 - ?),,,,,,,,Also known as Mini-pumper or Foam Unit 637,6-3-7 (Smith Bros)
G-455,1979,Kawasaki motorcycle,,"Paramedic Motorcycle Team 1 (8 - 6 - 1) (5/24/1980 - 10/1982, seasonal only)","Paramedic Motorcycle Team 1 (8 - 7 - 1) (5/27/1983 - ?, seasonal only)",,,,,,,Responded to accidents on the expressway system; operated May through October; began 5/24/1980; Became 8-7-1 on 5/27/1983,Motorcycle 1 (Midwest Fire Depts)
G-456,1979,Kawasaki motorcycle,,"Paramedic Motorcycle Team 1 (8 - 6 - 2) (5/24/1980 - 10/1982, seasonal only)","Paramedic Motorcycle Team 1 (8 - 7 - 2) (5/27/1983 - ?, seasonal only)",,,,,,,Responded to accidents on the expressway system; operated May through October; began 5/24/1980; Became 8-7-2 on 5/27/1983,
G-457,,,,,,,,,,,,,
G-458,,,,,,,,,,,,,
G-459,,,,,,,,,,,,,
G-460,,,,,,,,,,,,,
G-461,1981,Chevrolet C20 Custom Deluxe pickup/CFD,"4,000 GPM",Turret Wagon 4 (6 - 7 - 4) (10/22/1981 - 1/25/1982),Turret Wagon 3 (6 - 7 - 3) (1/251982 - 6/2013),,,,,,,Has 2 Eastman turret guns; 6 - 7 - 4 became 6 - 7 - 3 with renumbering to correspond to district assignment; was this nicknamed “Little Mo?”; sold at auction 8/27/2014; for sale again in Frankfort 2/26/2016,"6-7-3 (mbernero) 6-7-3 (Dennis McGuire, Jr.) 6-7-3 (Gordon J. Nord) 6-7-3 (John Tulipano) 6-7-3 (Bill Friedrich) 6-7-3 (Bill Friedrich)"
G-462,2000,Ford Expedition,,4-9-9 Community Services - Assistant Coordinator,,,,,,,,"Unconfirmed, conflict with below",
G-462,1981,Chevrolet stepvan/Supreme,,Airmask Service Truck 1 (7 - 8 - 1),Airmask 6 - 4 - 3 (at least 5/1985 - ?),,,,,,,This may have been renumbered to 6-4-2,
G-463,1981,Chevrolet,,Airmask Service Truck 2 (7 - 8 - 2),Air Mask 6 - 4 - 3,,,,,,,,
G-464,1981,Chevrolet,,,SCUBA Training Van,,,,,,,,
G-465,,,,,,,,,,,,,
G-466,1982,Seagrave/Pierce 85’ RM Snorkel,1500_/_0,Snorkel 1 (5/7/1982 - 9/19/1983),Squad 1A (5-5-1A)(9/19/1983 - 9/20/1983),Reserve Snorkel 1 (6 - 6 - 1) (1983 - present),,,,,,Last unit ordered as snorkel company; detailed to E42 11/10-21/1983 to construct Christmas Tree in Daley Plaza; still in service 1/22/2016 with all original lighting; right beacon out on 12/21/2015,Snorkel 1 (mbernero) Snorkel 1 (Bill Friedrich) 6-6-1 (Josh Boyajian) 6-6-1 (Gordon J. Nord) 6-6-1 (Smith Bros)
G-467,,,,,,,,,,,,,
G-468,1982,Ford C8000/Progress Tank,,Fuel Truck 7 - 2 - 1,,,,,,,,Unconfirmed shop #,
G-469,1982,Oshkosh T-6,1250/1585/205F,Crash Truck 3 (6 - 5 - 3) (1982 - at least 10/1985),,,,,,,,,
G-470,1982,Oshkosh T-12,1800/3170/410LW,Crash Truck 8 (6 - 5 - 8) (5/3/1982 - at least 10/1985),Crash Truck 7 (6 - 5 - 7),,,,,,,,
G-471,,,,,,,,,,,,,
G-472,,,,,,,,,,,,,
G-473,,,,,,,,,,,,,
G-474,,,,,,,,,,,,,
G-475,,,,,,,,,,,,,
G-476,,,,,,,,,,,,,
G-477,,,,,,,,,,,,,
G-478,1984,Oshkosh T-6,1250_/_1585/205F,Crash Truck 9 (6 - 5 - 9) (1/10/1985 - ?),6 - 5 - 9R?,,,,,,,"Midway airport; if this indeed became 6-5-9R, sold at auction 8/14/2014",
G-479,,,,,,,,,,,,,
G-480,,,,,,,,,,,,,
G-481,1987,Oshkosh T-12,1800/3170/410LW,Crash Truck 5 (6 - 5 - 5) (3/2/1987 - ?),,,,,,,,,6-5-5 (Steve Redick)
G-482,1987,Spartan/E-One 55’ Snorkel,,Squad 1 (4/3/1987 - 12/28/1996?),Squad 5 (12/28/1996* - 5/31/2000),Spare squad (5/31/2000 - present),,,,,,*Alternate source notes start as 12/1998; Had red lamp in Mars 888 in late 2005 and early 2006; Mars 888 removed sometime after; still in service 2/19/2016; Squad 1 markings reapplied to snorkel with blue tape in mid-2014 (spending lots of time at Squad 1 as spare),Squad 1 (Gordon J. Nord) Squad 1 with Mars 888 (Gordon J. Nord) Squad 1 (columind99) Squad 5 (Gordon J. Nord) Spare squad (Gordon J. Nord) Spare squad (Josh Boyajian) 
G-483,1987,Spartan/E-One 55’ Snorkel,,Squad 2 (4/6/1987 - 9/19/2000),Spare squad (9/19/2000 - 2010),,,,,,,Sold at auction 10/6/2010,Squad 2 (Gordon J. Nord) Squad 2 (Smith Bros) Squad 2 (Bill Friedrich) Spare squad (Smith Bros) Spare squad (Gordon J. Nord)
G-484,,,,,,,,,,,,,
G-485,,,,,,,,,,,,,
G-486,1988,Oshkosh T-12,1800/3170/410LW,Crash Truck 8 (6 - 5 - 8) (1988 - 2004?),6 - 5 - 8S (2004? - 2016?),,,,,,,Sold at auction 2/26/2016,
G-487,1988,Ford F800/Mickey,,6 - 4 - 3 Breathing Apparatus Service,Collapse Rescue 5 - 2 - 1 (10/7/1996 - 2007?),Spare squad (? - present),,,,,,Converted by CFD shops into first collapse rescue rig in 1996; still in service 7/19/2015 with Mars Stinger added to hood,5-2-1 (Hank Sajovic) 5-2-1 (Smith Bros) Spare squad (Hank Sajovic) Spare squad (Gordon J. Nord)
G-488,1988,Ford F800/Mickey,,6 - 4 - 4 Breathing Apparatus Service,5 - 1 - 1A Hazmat Support Unit (? - at least 9/3/2005),,,,,,,,5-1-1A (Gordon J. Nord) 5-1-1A (Smith Bros)
G-489,1988,Ford F800/Mickey,,6 - 4 - 2 Breathing Apparatus Service,Spare squad,,,,,,,,6-4-2 (Midwest Fire Depts) Spare squad (Gordon J. Nord)
G-490,,,,,,,,,,,,,
G-491,1988,Spartan/E-One 55’ Snorkel,,Squad 5 (11/21/1988 - 9/11/1989),,,,,,,,"Had extra driver’s side roof-mounted storage cabinet; totaled in accident 9/11/1989; CFD considered rebuilding the rig until late 1991, when it was scrapped",Squad 5 (Smith Bros) Squad 5 (Bill Friedrich) Squad 5 at last fire before wreck (Steve Redick) Squad 5 (wrecked) (Steve Redick)
G-492,1989,Spartan/Saulsbury,,Hazmat 5 - 1 - 1 (5/9/1990 - 1/3/2004),Spare squad (2004 - present),,,,,,,"Became reserve Hazmat, 2003; used as Squad 3 for “Chicago Fire” TV show; still in service 7/19/2015 with TV show “enhanced” markings",5-1-1 (Gordon J. Nord) Spare hazmat (Smith Bros)
G-493,1990,Ford E-350/,,2 - 7 - 1 Command Van (1990 - at least 2/21/1998),Spare command van,,,,,,,Did not originally have front roof strobes—original equipment was red/green bumper lights and Mars 888 with siren on hood; Sold at auction 7/20/2012,2-7-1 (Bill Friedrich) 2-7-1 (Gordon J. Nord) Spare command van (Gordon J. Nord)
G-494,1990,Ford E-350/,,2 - 7 - 2 Command Van,Spare command van,,,,,,,Did not originally have front roof strobes—original equipment was red/green bumper lights and Mars 888 with siren on hood,2-7-2 (Bill Friedrich) Spare command van (Gordon J. Nord)
G-495,1990,Ford E-350/,,2 - 7 - 3 Command Van (1990 - at least 9/29/2007),Spare command van (? - present),,,,,,,Did not originally have front roof strobes—original equipment was red/green bumper lights and Mars 888 with siren on hood; Still in service 7/5/2015,2-7-3 (Gordon J. Nord) Spare command van (Josh Boyajian) Spare command van (Karl Klotz)
G-496,1992,Oshkosh T-12,1800/3000/410F,6 - 5 - 2,6 - 5 - 2R,,,,,,,,
G-497,1992,Oshkosh T-12,1800/3000/410F,Crash Truck 3 (6 - 5 - 3),,,,,,,,O’Hare airport--became AVF-653,
G-498,,Ford F800/,,5 - 1 - 1A Hazmat Supply Tender,,,,,,,,,
G-499,1992,Ford/Utilimaster,,2 - 7 - 4 Command Van (1992 - 2007),,,,,,,,Originally had green rotator on roof to designate command post—this was replaced with a green strobe; sold at auction 9/25/2007,2-7-4 (Gordon J. Nord)
G-500,1994,Ford/Young,,Fuel Truck 7 - 2 - 1,,,,,,,,Became Fleet Management fuel truck after CFD shops taken over,7-2-1 (Smith Bros)
G-501,1994,Ford/Utilimaster,,7 - 5 - 6 Shops Tire Repair truck,7 - 7 - 5 Logistics Support,,,,,,,Still in service 4/28/2016; carries folding chairs and stokes baskets as 7 - 7 - 5,7-7-5 (Gordon J. Nord)
G-502,1994,Ford/Utilimaster,,6 - 4 - 12 Shops Delivery Van,,,,,,,,,6-4-12 (Hank Sajovic)
G-503,,,,,,,,,,,,,
G-504,1994,IHC/LDV,,2 - 7 - 8 Mobile Command Unit (7/5/1994 - 8/2013),Spare O’Hare command van (8/2013 - present),,,,,,,O’Hare airport--became AVF-001; Code 3 Collectibles model replica,
G-505,,,,,,,,,,,,,
G-506,1994,Hum Vee Attacker,,Squad 7A (9-10/1995 - 5/2003),,,,,,,,Became AVF-009,Squad 7A (Smith Bros)
G-507,,,,,,,,,,,,,
G-508,1996,Ford F-series/Luverne,,6 - 4 - 3 Breathing Apparatus Service,6 - 4 - 5 Breathing Apparatus Service (? - at least 6/25/2003),6 - 3 - 2 Bulk Foam Carrier (9/2/2004 - present),,,,,,2002 Heil body added when modified to 6 - 3 - 2; 6-3-2 carries 222 five-gallon containers of mixed 3%/6% Aqueous Film Forming Foam (AFFF),6-4-3 (chicagofd.org) 6-4-5 (Gordon J. Nord) 6-3-2 (Gordon J. Nord)
G-509,1996,Ford F-series/Luverne,,6 - 4 - 4 Breathing Apparatus Service,,,,,,,,,6-4-4 (chicagofd.org)
G-510,1996,HME/Saulsbury,,Squad 1 (12/28/1996 - 5/2000),Spare squad/spare hazmat,,,,,,,Wrecked in November 1998 & had new cab installed (OOS from 11/1998 - fall 1999); was only rig for Squad 1 during this time; used as Squad 3 for “Chicago Fire” TV show; received slight right front bumper damage in accident late in 2013; received more serious damage in May 2015 to same area while long-term spare at Squad 7 and sent to Fire Service Inc. for repairs; still in service 2/4/2016,Squad 1 (Smith Bros) Spare squad (Smith Bros) Spare squad (Gordon J. Nord) Spare squad (with TV show markings) (Josh Boyajian) Spare squad (Gordon J. Nord) Spare squad (Smith Bros) Spare squad (Smith Bros)
G-511,1996,Ford F-series/Luverne,,6 - 4 - 2 Breathing Apparatus Service,6 - 4 - 6 Breathing Apparatus Service (? - 2006),,,,,,,,6-4-2 (Gordon J. Nord) 6-4-6 (Gordon J. Nord)
G-512,1999,GMC Sierra 2500/CFD,,6 - 4 - 5 Breathing Apparatus Service,6 - 4 - 8 Equipment & Supply,,,,,,,All red with white stripe; still in service 11/10/2013; pickup bed cap removed and replaced with overhead rack sometime in 2012 or 2013,6-4-8 (Gordon J. Nord) 6-4-8 (Bill Friedrich) 6-4-8 (Karl Klotz)
G-513,1994,Ford E-350/Supreme,,Command Van 2 - 7 - 2 (1994? - at least 6/16/2006),Spare command van (? - present),,,,,,,Still in service 7/28/2015,2-7-2 (Gordon J. Nord)
G-514,1994,Ford E-350/Supreme,,Command Van 2 - 7 - 1,Spare command van (? - present),,,,,,,Still in service 6/2/2014,2-7-1 (Gordon J. Nord) Spare command van (Gordon J. Nord)
G-515,2000,HME SFO/Central States,,Squad 1 (5/2000 - present),,,,,,,,Code 3 Collectibles model replica,Squad 1 (Drew Gresik)
G-516,2000,HME SFO/Central States,,Squad 2 (summer 2000 - present),,,,,,,,Had amber side lighting on box; has “Squad Co.” markings; Code 3 Collectibles model replica,Squad 2 (Josh Boyajian)
G-517,2000,HME SFO/Central States,,Squad 5 (5/31/2000 - present),,,,,,,,Had red & amber side lighting on box; red front bumper added at later date; Code 3 Collectibles model replica,Squad 5 (Josh Boyajian)
G-518,2000,HME SFO/Central States 55’ Snorkel,,Squad 1A (summer 2000 - present),,,,,,,,Code 3 Collectibles model replica,Squad 1A (Drew Gresik)
G-519,2000,HME SFO/Central States 55’ Snorkel,,Squad 2A (summer 2000 - present),,,,,,,,Code 3 Collectibles model replica,Squad 2A (Drew Gresik)
G-520,2000,HME SFO/Central States 55’ Snorkel,,Squad 5A (8/29/2000 - present),,,,,,,,Code 3 Collectibles model replica,Squad 5A (Josh Boyajian)
G-521,2000,Pierce Lance Heavy Duty Rescue,,Squad 7 (11-12/2000 - present),,,,,,,,O’Hare airport; shop number reused after Squad 7 assigned AVF #661 and refurbished in 2015,Squad 7 (pre-refurb) (Josh Boyajian) Squad 7 (post-refurb) (Josh Boyajian) Squad 7 (pre-refurb) (Gordon J. Nord)
G-521,2005,Ford F-150 crew cab,,4 - 6 - 4 OFI Supervisor (2005 - 2006?),4 - 6 - 4 OFI Supervisor (12/2007? - 1/10/2013),4 - 6 - 6 OFI Supervisor (1/10/2013 - present),,,,,,Renumbering only,4-6-4 (Gordon J. Nord) 4-6-4 (Gordon J. Nord)
G-522,2001,Ford F-650/Ansul/Knapheide,900# PK/100 gal mixed 3%/6% AFFF,6 - 2 - 4 Dry Chemical (11/2/2001 - present),,,,,,,,,6-2-4 (Gordon J. Nord)
G-523,2001,Ford F-650/Ansul/Knapheide,900# PK/100 gal mixed 3%/6% AFFF,6 - 2 - 5 Dry Chemical,,,,,,,,Unconfirmed,6-2-5 (Gordon J. Nord)
G-524,2001?,Freightliner Sprinter Cargo Van,,7 - 7 - 1 EMS Support & Logistics,,,,,,,,,
G-525,,,,,,,,,,,,,
G-526,,,,,,,,,,,,,
G-527,2000,Oshkosh Striker TI-3000,1950/3000/420/500 Halon,Crash Truck 1 (6 - 5 - 1) (2000 - 3/2011?),,,,,,,,Midway Airport; has snozzle,
G-528,,,,,,,,,,,,,
G-529,2001,Ford F-750/Morgan/Monroe,,8 - 8 - 2 Mass Casualty Unit,6 - 4 - 14 Support Services - Equipment & Supply,,,,,,,Still in service 11/10/2013,8-8-2 (Smith Bros) 6-4-14 (Gordon J. Nord)
G-530,2001,Oshkosh Rhino T1-3000,3000/420/500 Purple K,6 - 5 - 7,,,,,,,,,
G-531,2002,Ford F-250 pickup,,2 - 8 - 8A Training Division pickup (2002 - present),,,,,,,,Has bed cap; may have originally been known as simply 2-8-8 (it’s labeled as such in reverse script behind rearview mirror); still in service 6/19/2015; possibly renumbered to 2-9-0,2-8-8 (Karl Klotz) 2-8-8A (Josh Boyajian) 
G-532,2003,Sterling Acterra/American LaFrance/Medic Master,,6 - 8 - 7 Scuba Team (2003 - present),,,,,,,,,"6-8-7 (Dennis McGuire, Jr.)"
G-533,2003,Ford F-650/1996 Luverne,,6 - 4 - 4 Breathing Apparatus Service,Spare breathing apparatus service truck,,,,,,,Still in service 6/23/2015,6-4-4 (Gordon J. Nord)
G-534,2003,American LaFrance Eagle/Freightliner,,Hazmat 5 - 1 - 1 (1/3/2004? - present),,,,,,,,In memory of Chief John M. Eversole,5-1-1 (Gordon J. Nord)
G-535,2003,American LaFrance Eagle/Freightliner,,Hazmat 5 - 1 - 2 (? - present),,,,,,,,Relocated to O’Hare,5-1-2 (Gordon J. Nord)
G-536,2003,Ford F-650/1996 Luverne,,6 - 4 - 5 Breathing Apparatus Service (bottle delivery) (2003 - 2/25/2016),,,,,,,,,6-4-5 (Gordon J. Nord)
G-537,2004,Ford F-350/Heil/1960 John Bean,,9 - 2 - 1 Smoke Ejector (10/15/2004 - present),,,,,,,,Body built in 1960 by John Bean on Jeep chassis--body reused on several chassis,9-2-1 (Smith Bros)
G-538,2004,Ford F-350/Heil/1960 John Bean,,9 - 2 - 2 Smoke Ejector (10/15/2004 - present),,,,,,,,Body built in 1960 by John Bean on Jeep chassis--body reused on several chassis,9-2-2 (Gordon J. Nord)
G-539,1995,Seagrave,,5 - 2 - 2 Collapse Rescue Lumber Truck (12/13/2006),,,,,,,,Former Truck Co. 26 (E-273--aerial ladder removed); converted in 2004,5-2-2 (Gordon J. Nord) 5-2-2 (Bill Friedrich)
G-540,2005,Ford E-series 15 passenger van,,6 - 4 - 16 Support Unit (2005? - 10/2015?),,,,,,,,Has hand-mounted mini-lightbar; accident damage to driver’s side front fender and sold at auction 11/4/2015,Support Unit (Smith Bros) 6-4-16 (Gordon J. Nord)
G-541,2005,Ford E-350 15 passenger van,,Support Unit/Training Division,,,,,,,,"Has alternating markings depending on use, apparently; also mini-lightbar hand-mounted when needed",Training Division (Josh Boyajian)
G-542,2005,Ford/Darley/Tempest,,9 - 2 - 3 Mobile Ventilation Unit (2005 - present),,,,,,,,First used at old Sun-Times building fire on 12/29/2004 before markings added or officially in service,First usage at fire (Gordon J. Nord) 9-2-3 (Josh Boyajian)
G-543,2005,Ford F-350?,,6 - 4 - 17 Support Services,,,,,,,,Tows trailer,6-4-17 (Gordon J. Nord)
G-544,2005,Ford F-350/1978 E-One,,9 - 1 - 5 Light Wagon (2005 - present),,,,,,,,Body built in 1978 by E-One on GMC chassis & re-bodied in 2005,9-1-5 (Gordon J. Nord) 9-1-5 (Bill Friedrich)
G-545,2005,Ford Econoline cargo van,,5 - 6 - 3 airbag utility (7/23/2006? - present),,,,,,,,Carries jump (air) bags and trash pump,5-6-3 (Gordon J. Nord) 5-6-3 (Bill Friedrich)
G-546,2005,Ford Econoline cargo van,,5 - 6 - 2 airbag utility (2005 - present),,,,,,,,Carries jump (air) bags and trash pump,5-6-2 (Gordon J. Nord)
G-547,2006,Freightliner,,6 - 4 - 4 Breathing Apparatus Service,,,,,,,,,6-4-4 (Gordon J. Nord)
G-548,2006,Freightliner,,6 - 4 - 6 Breathing Apparatus Service (2006 - 3/2016),,,,,,,,,6-4-6 (Gordon J. Nord)
G-549,2006,Ford F-350/1978 E-One,,9 - 1 - 3 Light Wagon,,,,,,,,Body built in 1978 by E-One on Chevrolet or GMC chassis & re-bodied in 2006,9-1-3 (Gordon J. Nord)
G-550,2006,Ford/HCI/Summit,,6 - 3 - 1 High Expansion Foam Unit (7/2006? - present),,,,,,,,Some sources state Chemguard as builder; has “The Bubble Machine” front plate,6-3-1 (Karl Klotz)
G-551,2006,Ford F-150 XLT crew cab,,Battalion 3,4 - 6 - 4 OFI Supervisor (no later than 4/1/2007 - 12/2007?),OFI 4 - 6 - 8 (12/2007? - present),,,,,,Photo from 10/24/2006 shows it pre-numbering,Battalion 3 (Karl Klotz) 4-6-4 (Gordon J. Nord) 4-6-8 (Gordon J. Nord)
G-552,2006,Ford F-750/AK Specialty Vehicles,,2 - 7 - 2 Mobile Command Post,,,,,,,,,2-7-2 (Josh Boyajian)
G-553,2006,Ford F-750/AK Specialty Vehicles,,2 - 7 - 1 Mobile Command Post (before 1/3/2007 - ?),2 - 7 - 3 Mobile Command Post (later than 9/28/2007 - 7/16/2015),2 - 7 - 4 Mobile Command Post (7/16/2015 to present),,,,,,"First seen 8/1/2006; Renumbering only from 2-7-3 to 2-7-4; official radio reassignment didn’t occur until 12/1/2015, even though markings changed by date listed","2-7-1 (Gordon J. Nord) 2-7-3 (Dennis McGuire, Jr.) 2-7-4 (Josh Boyajian)"
G-554,2007,Freightliner/Utilimaster IMCS,,2 - 7 - 9 Incident Management Command Post,,,,,,,,,2-7-9 (Gordon J. Nord)
G-555,2006,International/Hackney,,5 - 1 - 1A Hazmat Support Unit (10/16/2006 - present),,,,,,,,1992-era Vision light bar,5-1-1A (Gordon J. Nord)
G-556,2006,Freightliner/Advanced Containment Systems,,5 - 3 - 0 Decon Unit (12/20/2006 - present),,,,,,,,,5-3-0 (Gordon J. Nord)
G-557,2006,Peterbilt/Welch,,Hose Wagon 1 (6 - 1 - 1) (4/24/2007 - present),,,,,,,,Carries 5200’ of 5” hose,6-1-1 (Josh Boyajian)
G-558,2006,Peterbilt/Welch,,Hose Wagon 2 (6 - 1 - 2) (4/24/2007 - present),,,,,,,,Carries 5200’ of 5” hose,6-1-2 (Gordon J. Nord)
G-559,2007,Ford F-650/Road Rescue,,2 - 7 - 1 Mobile Command Post,,,,,,,,,2-7-1 (Drew Gresik)
G-560,2007,Ford F-650/Road Rescue,,2 - 7 - 4 Mobile Command Post (4/2007? - 7/16/2015),2 - 7 - 5 Mobile Command Post (7/16/2015 - present),,,,,,,"Renumbering only from 2-7-4 to 2-7-5; official radio reassignment didn’t occur until 12/1/2015, even though markings changed by date listed","2-7-4 (Gordon J. Nord) 2-7-5 (Dennis McGuire, Jr.)"
G-561,2005,Spartan Diamond/Summit,,5 - 2 - 5 Technical Rescue Team (6/1/2007 - present),,,,,,,,Spartan demonstrator purchased as first unit for new company,5-2-5 (Gordon J. Nord)
G-562,2007,Spartan/Hackney,,Collapse Rescue 5 - 2 - 1,,,,,,,,,5-2-1 (Gordon J. Nord)
G-563,,,,,,,,,,,,,
G-564,2006,Ford E-450/Supreme,,5 - 7 - 1 Rehab Unit (8/15/2007 - present),,,,,,,,In service yearly from March-October,5-7-1 (Josh Boyajian)
G-565,2006,Ford E-450/Supreme,,5 - 7 - 2 Rehab Unit (8/15/2007 - present),,,,,,,,In service yearly from March-October,5-7-2 (Gordon J. Nord)
G-566,2007,Freightliner/Utilimaster/LDV,,5 - 2 - 6 Tunnel Rescue (8/24/2007 - present),,,,,,,,First unit for company,5-2-6 (Gordon J. Nord)
G-567,2007,Ford E-350/Supreme,,6 - 4 - 16 High Rise Unit (10/19/2007 - present),,,,,,,,,"6-4-16 (Dennis McGuire, Jr.) 6-4-16 (Midwest Fire Depts)"
G-568,2008,Ford E-450/Supreme,,6 - 4 - 13 Support Services - Equipment & Supply,,,,,,,,,6-4-13 (Gordon J. Nord)
G-569,2007,Ford F-650/Supreme,,5 - 1 - 11 Hazmat Mobile Lab,,,,,,,,Carries robot,5-1-11 (Karl Klotz)
G-570,2008,Freightliner M2/HCI Fabrications Roll-Off,,5 - 6 - 7 Pod Carrier,,,,,,,,Carries any of the four Pod units,5-6-7 (Gordon J. Nord) 5-6-7 carrying Pod 2 (Gordon J. Nord)
G-571,2008,Ford F-550 Stake Bed,,5 - 2 - 3 Air Compressor,,,,,,,,Has 1992-era Vision lightbar,5-2-3 (Gordon J. Nord)
G-572,2009,Lake Assault 33’ fire boat,,Fire Boat 6 - 8 - 8 “F.F. Eugene Blackmon”,,,,,,,,,6-8-8 (Gordon J. Nord) 6-8-8 (Karl Klotz)
G-573,2010,Ford E-350 EXT 15-passenger van,,Fire Academy Van,,,,,,,,"No external unit number markings; Grill LEDs, but 1992-vintage Vision lightbar on roof",Fire Academy Van (Josh Boyajian)
G-574,2010,Ford E-350 extended cargo van,,6 - 4 - 12 Support Services (Logistics),,,,,,,,"Grill LEDs, but 1992-vintage Vision lightbar on roof; Logistics markings added later",6-4-12 (Danny Nelms)
G-575,1994,Ford L8000/Vac-Con / 2010 RescueVac,,5 - 2 - 4 Special Operations RescueVac (2010 - present),,,,,,,,Former Chicago Dept. of Streets & Sanitation sewer vac truck,5-2-4 (Gordon J. Nord) 5-2-4 (Steve Redick)
G-576,,,,,,,,,,,,,
G-577,1995,Ford E-350/McCoy-Miller,,5 - 6 - 5 Special Operations,,,,,,,,Was originally C-881; still in service 11/10/2013,5-6-5 (Gordon J. Nord)
G-578,2010,Ford F-550/Auto Utility Truck,,5 - 6 - 4 Special Operations,,,,,,,,Pickup truck to tow Special Operations trailers that carry forklift and ATVs; Has 1992-era Vision lightbar; PowerStroke diesel,5-6-4 (Gordon J. Nord) 5-6-4 (Dave Traiforos)
G-579,2000,ALF Eagle/3D,,Spare Squad (early 2011 - present),,,,,,,,Was originally D-572; still in service 6/19/2015,Spare squad (Gordon J. Nord)
G-580,,,,,,,,,,,,,
G-581,2002,Ford F-350/MedicMaster,,4 - 6 - 10 OFI Major Incident Response Unit,,,,,,,,Former ambulance renumbered from C-series shop #; first seen 4/17/2014; still in service 8/22/2014,4-6-10 (Josh Boyajian)
G-582,2013,Ford F-250 crew cab,,2 - 8 - 8B Training Division pickup,,,,,,,,First seen May 2013; mini-LED lightbar mounted on MARS lightbar bracket; possibly renumbered to 2-9-2,2-8-8B (Josh Boyajian)
G-583,,,,,,,,,,,,,
G-584,,,,,,,,,,,,,
G-585,2002?,Ford F-350/MedicMaster,,7 - 7 - 3 Support & Logistics,,,,,,,,Former ambulance renumbered from C-series shop #; first seen 4/17/2014; front lights on ambulance box placed sideways,
G-586,,,,,,,,,,,,,
G-587,,,,,,,,,,,,,
G-588,,,,,,,,,,,,,
G-589,,,,,,,,,,,,,
G-590,2002,Ford F-350/MedicMaster,,2 - 9 - 7A Hazmat Training,,,,,,,,Former ambulance renumbered from C-series shop #; still in service 8/22/2014,2-9-7A (Josh Boyajian)
G-591,2004,Ford F-350/MedicMaster,,2 - 8 - 3C Training Division ambulance,,,,,,,,Former ambulance renumbered from C-series shop #; first seen 4/17/2014; still in service 8/22/2014,2-8-3C (Josh Boyajian)
G-592,2006,Ford F-350/Braun,,2 - 8 - 3A Training Division ambulance,,,,,,,,Former ambulance renumbered from C-series shop #; still in service 6/19/2015,2-8-3A (Josh Boyajian)
G-593,2006,Ford F-350/Braun,,2 - 8 - 3B Training Division ambulance,,,,,,,,Former ambulance (C-075); still in service 6/19/2015,2-8-3B (Josh Boyajian)
G-594,,,,,,,,,,,,,
G-595,1995?,Ford E-350/McCoy-Miller,,8 - 8 - 3 Mass Casualty Unit,8 - 8 - 13 Mass Casualty Unit,,,,,,,Still in service 8/11/2014; unknown previous C- number; renumbering only,8-8-3 (Bill Friedrich)
G-596,,,,,,,,,,,,,
G-597,,,,,,,,,,,,,
G-598,,,,,,,,,,,,,
G-599,2013,Ford F-350/,4000 GPM,Turret Wagon 6 - 7 - 6 (8/2013 - present),,,,,,,,First used at mulch fire in McCook on 12/28/2013; first Chicago fire on 4/28/2014,"6-7-6 (Dennis McGuire, Jr.)"
G-600,2013,Ford F-350/,4000 GPM,Turret Wagon 6 - 7 - 3 (8/2013 - present),,,,,,,,Quite possibly not actually used until 3/8/2016 4-11 + 1 special/Haz-mat Level 1 at 4540 W. Haddon,"6-7-3 (Dennis McGuire, Jr.)"
G-601,2013,Ford E-450/Supreme,,6 - 3 - 9 Mobile Battery Vehicle (7/25/2014 - present),,,,,,,,,6-3-9 (Gordon J. Nord)
G-602,2013,Ford F-450/Supreme,,Training (1/2014? - present),,,,,,,,Personnel transport vehicle; only has two amber LEDs on both front & rear of box; first seen 3/5/2014,"EMS Training (Dennis McGuire, Jr.)"
G-603,2013,Ford F-450/Supreme,,EMS Training (1/2014? - present),,,,,,,,Personnel transport vehicle; only has two amber LEDs on both front & rear of box; first seen 3/5/2014,EMS Training (Josh Boyajian)
G-604,,,,,,,,,,,,,
G-605,2014,Ford F-350,,6 - 4 - 8 Logistics,,,,,,,,First seen 5/18/2015; no black roof,
G-606,2014,Ford E-450/Wheeled Coach,,1510 Mobile Simulation Lab (10/2014 - present),,,,,,,,First seen 10/1/2014 at Fleet Management; looks like 2013/2014 ambulance purchases but without warning lights,1-5-10 (Paco Castenada)
G-607,,,,,,,,,,,,,
G-608,2016,Ford F-550/Fire Service Inc.,,6 - 4 - 5 Breathing Apparatus Service (2/25/2016? - present),,,,,,,,*Unconfirmed; All red; first seen 2/12/2016 completed at manufacturer; first seen marked 2/25/2016,
G-609,2016,Ford F-550/Fire Service Inc.,,6 - 4 - 6 Breathing Apparatus Service (3/2016 - present),,,,,,,,All red; first seen 2/12/2016 completed at manufacturer; first seen in service (at 4-11 + 1 Special/Hazmat Level 1 at 4540 W. Haddon) on 3/8/2016; has forward facing red/blue lights on body,6-4-6 (Gordon J. Nord)
G-52L,2015?,Chevrolet Express 15-passenger van,,Training (? - present),,,,,,,,All white with red stripe and mini LED amber light bar; seems to be a leased vehicle; first seen 6/19/2015,Training (Niko Stefani)